<?xml version="1.0" encoding="UTF-8"?>
<beans:beans xmlns="http://www.springframework.org/schema/security"
	xmlns:beans="http://www.springframework.org/schema/beans" 
	xmlns:xsi="http://www.w3.org/2001/XMLSchema-instance"
	xsi:schemaLocation="http://www.springframework.org/schema/beans
           http://www.springframework.org/schema/beans/spring-beans-3.0.xsd
           http://www.springframework.org/schema/security
           http://www.springframework.org/schema/security/spring-security-4.2.xsd">


	<http auto-config='true' use-expressions='false'>
		<intercept-url pattern="/login.jsp*" access="IS_AUTHENTICATED_ANONYMOUSLY" />
		<intercept-url pattern="/resources/**" access="IS_AUTHENTICATED_ANONYMOUSLY" />
		<intercept-url pattern="/index*" access="IS_AUTHENTICATED_ANONYMOUSLY" />
		<intercept-url pattern="/" access="IS_AUTHENTICATED_ANONYMOUSLY" />
		<intercept-url pattern="/**" access="ROLE_ADMIN" />
		<form-login login-page="/login.jsp"
			authentication-failure-url="/login.jsp?error" username-parameter="username"
			password-parameter="password" />
		<logout logout-success-url="/login.jsp?logout" />
		<csrf />
	</http>


	<authentication-manager>
		<authentication-provider>
			<password-encoder hash="sha-256" >
				<salt-source user-property="username"/>
			</password-encoder>
			<jdbc-user-service data-source-ref="dataSource" />
		</authentication-provider>
	 
	 	<!-- Usuario para arranque inicial. Luego se borra este authentication-provider. -->
		<!-- <authentication-provider> 
			<user-service> 
				<user name="jose" password="1234" authorities="ROLE_ADMIN" /> 
			</user-service> 
		</authentication-provider> -->
	</authentication-manager>
</beans:beans>