-- phpMyAdmin SQL Dump
-- version 4.6.5.2
-- https://www.phpmyadmin.net/
--
-- Servidor: 127.0.0.1
-- Tiempo de generación: 13-06-2017 a las 10:55:15
-- Versión del servidor: 10.1.21-MariaDB
-- Versión de PHP: 7.1.1

SET SQL_MODE = "NO_AUTO_VALUE_ON_ZERO";
SET time_zone = "+00:00";


/*!40101 SET @OLD_CHARACTER_SET_CLIENT=@@CHARACTER_SET_CLIENT */;
/*!40101 SET @OLD_CHARACTER_SET_RESULTS=@@CHARACTER_SET_RESULTS */;
/*!40101 SET @OLD_COLLATION_CONNECTION=@@COLLATION_CONNECTION */;
/*!40101 SET NAMES utf8mb4 */;

--
-- Base de datos: `dsnews_content`
DROP DATABASE IF EXISTS dsnews_content;
CREATE DATABASE IF NOT EXISTS `dsnews_content` DEFAULT CHARACTER SET utf8 COLLATE utf8_spanish_ci;
USE `dsnews_content`;

-- --------------------------------------------------------

--
-- Estructura de tabla para la tabla `articles_desoft`
--

DROP TABLE IF EXISTS `articles_desoft`;
CREATE TABLE `articles_desoft` (
  `guid` int(11) NOT NULL,
  `link` text COLLATE utf8_spanish_ci NOT NULL,
  `title` varchar(255) COLLATE utf8_spanish_ci NOT NULL,
  `content` text COLLATE utf8_spanish_ci NOT NULL,
  `pub_date` date NOT NULL,
  `description` varchar(255) COLLATE utf8_spanish_ci NOT NULL,
  `keywords` text COLLATE utf8_spanish_ci NOT NULL,
  `user_id` int(11) NOT NULL,
  `channel_id` int(11) NOT NULL,
  `section_id` int(11) NOT NULL
) ENGINE=InnoDB DEFAULT CHARSET=utf8 COLLATE=utf8_spanish_ci;

--
-- Volcado de datos para la tabla `articles_desoft`
--

INSERT INTO `articles_desoft` (`guid`, `link`, `title`, `content`, `pub_date`, `description`, `keywords`, `user_id`, `channel_id`, `section_id`) VALUES
(1, 'http://localhost:8080/noticiasDSNews?n=1', 'awefawefa', '<p>wefawef</p>', '2017-06-12', 'wefawef', 'awefawef', 1, 1, 1);

-- --------------------------------------------------------

--
-- Estructura de tabla para la tabla `articles_rss`
--

DROP TABLE IF EXISTS `articles_rss`;
CREATE TABLE `articles_rss` (
  `link` varchar(150) COLLATE utf8_spanish_ci NOT NULL,
  `title` text COLLATE utf8_spanish_ci NOT NULL,
  `description` text COLLATE utf8_spanish_ci NOT NULL,
  `pub_date` date NOT NULL,
  `cover` text COLLATE utf8_spanish_ci NOT NULL,
  `rss_id` int(11) NOT NULL,
  `num_entry` int(11) NOT NULL
) ENGINE=InnoDB DEFAULT CHARSET=utf8 COLLATE=utf8_spanish_ci;

--
-- Volcado de datos para la tabla `articles_rss`
--

INSERT INTO `articles_rss` (`link`, `title`, `description`, `pub_date`, `cover`, `rss_id`, `num_entry`) VALUES
('awdfgawgawegwaeg', 'weawefwaefwaef', 'wefawefwef', '2017-06-12', 'wefawefawef', 27, 13851),
('http://deportes.elpais.com/ccaa/2017/06/12/catalunya/1497267706_356214.html#?ref=rss&format=simple&link=link', 'El Barça dice que fue chantajeado para pagar tres millones', 'El club niega al juez haber cometido una estafa con el fallido proyecto de los nichos del Camp Nou', '2017-06-13', 'http://ep00.epimg.net/ccaa/imagenes/2017/06/12/catalunya/1497267706_356214_1497268669_miniatura_normal.jpg', 27, 13956),
('http://deportes.elpais.com/deportes/2017/05/28/actualidad/1495988544_872256.html#?ref=rss&format=simple&link=link', 'Aquí no se rinde nadie', '\'¿Quién dijo rendirse?\' concentra una larga conversación entre Fernando Torres y Carlos Matallanas sobre fútbol y la ELA', '2017-06-13', 'http://ep00.epimg.net/deportes/imagenes/2017/05/28/actualidad/1495988544_872256_1495988762_miniatura_normal.jpg', 27, 13985),
('http://deportes.elpais.com/deportes/2017/06/04/actualidad/1496568361_016479.html#?ref=rss&format=simple&link=link', 'La sorpresa perdida del viejo tenis', 'Toni Nadal relata desde París sus experiencias, en exclusiva, para los lectores de EL PAÍS', '2017-06-12', 'http://ep00.epimg.net/deportes/imagenes/2017/06/04/actualidad/1496568361_016479_1496606047_miniatura_normal.jpg', 27, 13124),
('http://deportes.elpais.com/deportes/2017/06/04/actualidad/1496589852_737965.html#?ref=rss&format=simple&link=link', 'Real Zidane Club de Fútbol', 'Ha logrado mucho más que dos Copas de Europa, una Liga, un Mundialito y una Supercopa Europea: ha hecho del vestuario su parroquia', '2017-06-12', 'http://ep00.epimg.net/deportes/imagenes/2017/06/04/actualidad/1496589852_737965_1496645144_miniatura_normal.jpg', 27, 13123),
('http://deportes.elpais.com/deportes/2017/06/04/actualidad/1496596635_118171.html#?ref=rss&format=simple&link=link', 'No bastó con tres goles de Puskas', 'El Real Madrid solo ha perdido tres finales de Copa de Europa. La que más dolió fue la del Benfica en 1962', '2017-06-12', 'http://ep00.epimg.net/deportes/imagenes/2017/06/04/actualidad/1496596635_118171_1496596838_miniatura_normal.jpg', 27, 13139),
('http://deportes.elpais.com/deportes/2017/06/04/actualidad/1496598560_371865.html#?ref=rss&format=simple&link=link', 'El nuevo ciclo del Real Madrid', 'Asensio, que marcó en el primer y el último partido del año, encarna el futuro de un Madrid que mezlca su talento y el de Isco con la veteranía y experiencia de Ramos y Cristiano', '2017-06-12', 'http://ep00.epimg.net/deportes/imagenes/2017/06/04/actualidad/1496598560_371865_1496601701_miniatura_normal.jpg', 27, 13140),
('http://deportes.elpais.com/deportes/2017/06/04/actualidad/1496608413_898116.html#?ref=rss&format=simple&link=link', 'Yo vi jugar a Luka Modric', 'En aquella memorable segunda parte, el croata se metió el partido en el bolsillo e hizo con él lo que quiso', '2017-06-12', 'http://ep00.epimg.net/deportes/imagenes/2017/06/04/actualidad/1496608413_898116_1496608576_miniatura_normal.jpg', 27, 13122),
('http://deportes.elpais.com/deportes/2017/06/04/actualidad/1496611721_083813.html#?ref=rss&format=simple&link=link', 'La celebración de la Doudécima: Liga, Champions y ¿Balón de Oro?', 'El Madrid ofrece el doblete a su afición, que postula al portugués como ganador del máximo galardón individual', '2017-06-13', 'http://ep00.epimg.net/deportes/imagenes/2017/06/04/actualidad/1496611721_083813_1496659028_miniatura_normal.jpg', 27, 13984),
('http://deportes.elpais.com/deportes/2017/06/05/actualidad/1496651478_050335.html#?ref=rss&format=simple&link=link', 'La duodécima desde dentro: del gol de Cristiano Jr. a los vídeos de Sergio Ramos', 'Las imágenes más personales difundidas en las redes sociales por los jugadores del Real Madrid', '2017-06-13', 'http://ep00.epimg.net/deportes/imagenes/2017/06/05/actualidad/1496651478_050335_1496658307_miniatura_normal.jpg', 27, 13983),
('http://deportes.elpais.com/deportes/2017/06/05/actualidad/1496682488_523803.html#?ref=rss&format=simple&link=link', 'Delfí Geli: “Debemos gestionar con rigor para que esto no sea flor de un día”', 'El exfutbolista y presidente del Girona reflexiona sobre el ascenso de su equipo', '2017-06-13', 'http://ep00.epimg.net/deportes/imagenes/2017/06/05/actualidad/1496682488_523803_1496771410_miniatura_normal.jpg', 27, 13973),
('http://deportes.elpais.com/deportes/2017/06/05/actualidad/1496688068_254141.html#?ref=rss&format=simple&link=link', '“Valverde lo hará muy bien”', 'Guardiola, Begiristain y Koeman defienden la apuesta del Barça y marcan distancia con el Madrid de Zidane', '2017-06-13', 'http://ep00.epimg.net/deportes/imagenes/2017/06/05/actualidad/1496688068_254141_1496689564_miniatura_normal.jpg', 27, 13975),
('http://deportes.elpais.com/deportes/2017/06/06/actualidad/1496764041_442410.html#?ref=rss&format=simple&link=link', 'El Barcelona busca actores principales', 'El club acometerá dos o tres fichajes de primer orden, que no consultará con Valverde, y otros tantos para completar la plantilla', '2017-06-13', 'http://ep00.epimg.net/deportes/imagenes/2017/06/06/actualidad/1496764041_442410_1496764135_miniatura_normal.jpg', 27, 13974),
('http://deportes.elpais.com/deportes/2017/06/07/actualidad/1496847609_764914.html#?ref=rss&format=simple&link=link', 'Contador recobra el pulso contrarreloj y puede con Froome en la Dauphiné', 'Victoria de Richie Porte y tercer puesto de Alejandro Valverde, el mejor español', '2017-06-13', 'http://ep00.epimg.net/deportes/imagenes/2017/06/07/actualidad/1496847609_764914_1496849235_miniatura_normal.jpg', 27, 13993),
('http://deportes.elpais.com/deportes/2017/06/07/actualidad/1496852913_562538.html#?ref=rss&format=simple&link=link', 'El fútbol y las secciones del Barça se quedan en blanco en Europa', 'El club considera que las diferencias fiscales con los rivales, la NBA y el poder económico de algunos magnates limitan la competitividad de sus equipos', '2017-06-13', 'http://ep00.epimg.net/deportes/imagenes/2017/06/07/actualidad/1496852913_562538_1496854541_miniatura_normal.jpg', 27, 13972),
('http://deportes.elpais.com/deportes/2017/06/07/actualidad/1496869681_116623.html#?ref=rss&format=simple&link=link', 'El Sevilla ficha a Berizzo', 'El club andaluz abre una nueva etapa con otro entrenador argentino, avalado por su etapa en el Celta y el margen de crecimiento que puede lograr en la entidad hispalense', '2017-06-13', 'http://ep00.epimg.net/deportes/imagenes/2017/06/07/actualidad/1496869681_116623_1496870149_miniatura_normal.jpg', 27, 13971),
('http://deportes.elpais.com/deportes/2017/06/08/actualidad/1496913537_429238.html#?ref=rss&format=simple&link=link', 'El Madrid de las 12 copas', 'La imagen de Florentino Pérez con los trofeos es la representación de un equipo construido para ganar', '2017-06-13', 'http://ep00.epimg.net/deportes/imagenes/2017/06/08/actualidad/1496913537_429238_1496914058_miniatura_normal.jpg', 27, 13982),
('http://deportes.elpais.com/deportes/2017/06/08/adrenalina/1496913838_629262.html#?ref=rss&format=simple&link=link', 'Buceo con tubo, la mejor actividad para ponerse en forma este verano', 'Explore el mundo submarino y disfrute de todos los beneficios de uno de los deportes más completos que se pueden realizar en el mar', '2017-06-13', 'http://ep00.epimg.net/deportes/imagenes/2017/06/08/adrenalina/1496913838_629262_1497260816_miniatura_normal.jpg', 27, 13994),
('http://deportes.elpais.com/deportes/2017/06/09/actualidad/1497006228_356951.html#?ref=rss&format=simple&link=link', '“El gol de Koeman es el más visto en la historia del Barça”', 'Los protagonistas de la primera Copa de Europa del club azulgrana recuerdan el duelo en el acto conmemorativo de los 25 años', '2017-06-13', 'http://ep00.epimg.net/deportes/imagenes/2017/06/09/actualidad/1497006228_356951_1497009587_miniatura_normal.jpg', 27, 13981),
('http://deportes.elpais.com/deportes/2017/06/09/actualidad/1497006471_919348.html#?ref=rss&format=simple&link=link', 'Rafael: maduro, evolucionado y convincente', 'Pase lo que pase hoy, mi sobrino no está muy alejado de su mejor versión', '2017-06-13', 'http://ep00.epimg.net/deportes/imagenes/2017/06/09/actualidad/1497006471_919348_1497122811_miniatura_normal.jpg', 27, 13967),
('http://deportes.elpais.com/deportes/2017/06/09/actualidad/1497021159_402158.html#?ref=rss&format=simple&link=link', 'Froome aventaja a Contador y Valverde en la Dauphiné', 'Ataque del inglés en el peligroso descenso del Mont du Chat, un aviso de lo que puede ocurrir en el Tour', '2017-06-13', 'http://ep00.epimg.net/deportes/imagenes/2017/06/09/actualidad/1497021159_402158_1497021411_miniatura_normal.jpg', 27, 13992),
('http://deportes.elpais.com/deportes/2017/06/09/actualidad/1497026384_576149.html#?ref=rss&format=simple&link=link', 'El baloncesto 3x3 y los relevos mixtos en atletismo y triatlón, olímpicos en Tokio 2020', 'El COI apuesta por unos Juegos más juveniles y con más presencia femenina y elegirá a la vez las sedes de 2024 y 2028 a las que aspiran París y Los Ángeles', '2017-06-13', 'http://ep00.epimg.net/deportes/imagenes/2017/06/09/actualidad/1497026384_576149_1497030651_miniatura_normal.jpg', 27, 13991),
('http://deportes.elpais.com/deportes/2017/06/09/actualidad/1497032876_389667.html#?ref=rss&format=simple&link=link', '“Vives con el objetivo de ganar y pierdes de vista por qué empezaste”', 'Para el piloto de Honda, más risueño que nunca, el entrenamiento mental es ahora tan importante como el físico. Su confianza no decae y compite para cerrar el círculo con el título de MotoGP', '2017-06-12', 'http://ep00.epimg.net/deportes/imagenes/2017/06/09/actualidad/1497032876_389667_1497033474_miniatura_normal.jpg', 27, 13134),
('http://deportes.elpais.com/deportes/2017/06/10/actualidad/1497052657_540970.html#?ref=rss&format=simple&link=link', '3.500 kilómetros en bicicleta para rechazar el discurso de odio de Trump', 'Tres estudiantes mexicanos cruzarán Estados Unidos para dejar un mensaje de unidad de Norteamérica', '2017-06-13', 'http://ep00.epimg.net/deportes/imagenes/2017/06/10/actualidad/1497052657_540970_1497053003_miniatura_normal.jpg', 27, 13989),
('http://deportes.elpais.com/deportes/2017/06/10/actualidad/1497114194_927396.html#?ref=rss&format=simple&link=link', 'Ensayo general con maillot de Richie Porte', 'El líder australiano controla como lo haría en el Tour la etapa del nuevo Alpe d’Huez en la Dauphiné', '2017-06-13', 'http://ep00.epimg.net/deportes/imagenes/2017/06/10/actualidad/1497114194_927396_1497114314_miniatura_normal.jpg', 27, 13990),
('http://deportes.elpais.com/deportes/2017/06/10/actualidad/1497118928_929105.html#?ref=rss&format=simple&link=link', 'En Akron, la cuna de Curry y LeBRon, siempre gana El Rey', 'Los dos nacieron en la misma ciudad de Ohio, pero James es un héroe local por su contribución a la sociedad', '2017-06-12', 'http://ep00.epimg.net/deportes/imagenes/2017/06/10/actualidad/1497118928_929105_1497136467_miniatura_normal.jpg', 27, 13142),
('http://deportes.elpais.com/deportes/2017/06/10/actualidad/1497118960_512121.html#?ref=rss&format=simple&link=link', 'La crisis del baloncesto español aboca a la ACB a una Liga de 20 equipos', 'Méndez de Vigo insta a la Federación a cumplir el acuerdo con el Palencia; Gipuzkoa y Burgos tienen garantizada su plaza y, con las medidas cautelares de los clubes, Betis y Manresa no descenderían', '2017-06-12', 'http://ep00.epimg.net/deportes/imagenes/2017/06/10/actualidad/1497118960_512121_1497120178_miniatura_normal.jpg', 27, 13114),
('http://deportes.elpais.com/deportes/2017/06/10/actualidad/1497119514_752308.html#?ref=rss&format=simple&link=link', 'Final ACB 2017: Real Madrid - Valencia Basket | Calendario y resultados', 'Consulta las fechas y horarios de los partidos decisivos de la Liga Endesa', '2017-06-12', 'http://ep00.epimg.net/deportes/imagenes/2017/06/10/actualidad/1497119514_752308_1497120285_miniatura_normal.jpg', 27, 13144),
('http://deportes.elpais.com/deportes/2017/06/10/actualidad/1497119897_033136.html#?ref=rss&format=simple&link=link', 'Getafe-Huesca y Tenerife-Cádiz, eliminatorias por el ascenso a Primera; el UCAM, a 2ªB', 'Almería, Alcorcón y Nàstic se salvan, mientras que el UCAM Murcia desciende a Segunda División B', '2017-06-13', 'http://ep00.epimg.net/deportes/imagenes/2017/06/10/actualidad/1497119897_033136_1497126781_miniatura_normal.jpg', 27, 13961),
('http://deportes.elpais.com/deportes/2017/06/10/actualidad/1497121446_146607.html#?ref=rss&format=simple&link=link', 'Hamilton se viste de Senna', 'El británico iguala en Canadá las 65 ‘poles’ del brasileño, su ídolo, y arrancará por delante de Sebastian Vettel', '2017-06-12', 'http://ep00.epimg.net/deportes/imagenes/2017/06/10/actualidad/1497121446_146607_1497121773_miniatura_normal.jpg', 27, 13135),
('http://deportes.elpais.com/deportes/2017/06/10/actualidad/1497122333_941457.html#?ref=rss&format=simple&link=link', 'En Akron, cuna de Curry y LeBron, manda El Rey', 'Las dos estrellas nacieron en la misma pequeña localidad de Ohio, pero James es el héroe local por su contribución a la sociedad', '2017-06-13', 'http://ep00.epimg.net/deportes/imagenes/2017/06/10/actualidad/1497122333_941457_1497122606_miniatura_normal.jpg', 27, 13962),
('http://deportes.elpais.com/deportes/2017/06/10/actualidad/1497122589_864147.html#?ref=rss&format=simple&link=link', 'Final NBA 2017: Warriors - Cavaliers | Calendario y resultados', 'Consulta las fechas y horarios de los partidos de los playoffs finales entre los Cleveland Cavaliers y los Golden State Warriors', '2017-06-12', 'http://ep00.epimg.net/deportes/imagenes/2017/06/10/actualidad/1497122589_864147_1497122943_miniatura_normal.jpg', 27, 13143),
('http://deportes.elpais.com/deportes/2017/06/10/actualidad/1497128328_466378.html#?ref=rss&format=simple&link=link', 'Cuando Tiger abría un campo de golf al día', 'El número de golfistas y de lugares de juego desciende en EEUU desde que se inició el declive de Woods', '2017-06-12', 'http://ep00.epimg.net/deportes/imagenes/2017/06/10/actualidad/1497128328_466378_1497128432_miniatura_normal.jpg', 27, 13116),
('http://deportes.elpais.com/deportes/2017/06/10/actualidad/1497131459_613197.html#?ref=rss&format=simple&link=link', 'Fin de fiesta en familia', 'El Dream Team, con una pachanga frente al Benfica, cierra la semana de Wembley 92 en un Camp Nou con 28.420 espectadores', '2017-06-13', 'http://ep00.epimg.net/deportes/imagenes/2017/06/10/actualidad/1497131459_613197_1497131622_miniatura_normal.jpg', 27, 13980),
('http://deportes.elpais.com/deportes/2017/06/11/actualidad/1497138044_368397.html#?ref=rss&format=simple&link=link', 'Andrea Dovizioso gana el GP de Cataluña de MotoGP', 'Sigue en directo la carrera de El piloto italiano se lleva la victoria por delante de Márquez, segundo, y Pedrosa, tecero, y encima a Viñales en la clasificación desde el circuito de Montmeló', '2017-06-12', 'http://ep00.epimg.net/deportes/imagenes/2017/06/11/actualidad/1497138044_368397_1497186819_miniatura_normal.jpg', 27, 13133),
('http://deportes.elpais.com/deportes/2017/06/11/actualidad/1497170401_758050.html#?ref=rss&format=simple&link=link', 'La final en directo', 'El español no da opción al suizo (2-6, 3-6, 1-6) y gana su 15º Grand Slam tras dos temporadas de sequía de grandes títulos', '2017-06-13', 'http://ep00.epimg.net/deportes/imagenes/2017/06/11/actualidad/1497170401_758050_1497188723_miniatura_normal.jpg', 27, 14006),
('http://deportes.elpais.com/deportes/2017/06/11/actualidad/1497170624_392006.html#?ref=rss&format=simple&link=link', 'Dovizioso vuelve a ganar, ahora en Montmeló, por delante de Márquez y Pedrosa', 'El piloto de Ducati logra la victoria en una carrera marcada por el bajo rendimiento de los neumáticos, lo que perjudicó especialmente a las Yamaha', '2017-06-13', 'http://ep00.epimg.net/deportes/imagenes/2017/06/11/actualidad/1497170624_392006_1497188000_miniatura_normal.jpg', 27, 13979),
('http://deportes.elpais.com/deportes/2017/06/11/actualidad/1497171039_164326.html#?ref=rss&format=simple&link=link', 'Viñales: “Cada vez que me destaco, hago un mal resultado sin venir a cuento”', 'Viñales arremete contra Michelin después de terminar décimo en Montmeló por el mal rendimiento de sus neumáticos', '2017-06-13', 'http://ep00.epimg.net/deportes/imagenes/2017/06/11/actualidad/1497171039_164326_1497199576_miniatura_normal.jpg', 27, 13978),
('http://deportes.elpais.com/deportes/2017/06/11/actualidad/1497172305_327038.html#?ref=rss&format=simple&link=link', 'Nadal es más leyenda', 'El español se imponea Wawrinka en la final (6-2, 6-3 y 6-1) y se adjudica su décimo Roland Garros, su 15º Grand Slam', '2017-06-13', 'http://ep00.epimg.net/deportes/imagenes/2017/06/11/actualidad/1497172305_327038_1497199617_miniatura_normal.jpg', 27, 13970),
('http://deportes.elpais.com/deportes/2017/06/11/actualidad/1497173228_378577.html#?ref=rss&format=simple&link=link', '“Quedará para la historia”', 'Rafa subraya la magnitud de su éxito, aunque dice que no se considera especial, mientras Wawrinka se rinde a la evidencia: “No puedes dudar si quieres ganarle. Contra él, si dudas medio segundo, ya es tarde”', '2017-06-13', 'http://ep00.epimg.net/deportes/imagenes/2017/06/11/actualidad/1497173228_378577_1497212864_miniatura_normal.jpg', 27, 13968),
('http://deportes.elpais.com/deportes/2017/06/11/actualidad/1497174641_214560.html#?ref=rss&format=simple&link=link', 'El poder de la convicción', 'La certeza es una ilusión escurridiza, pero su hermana la fe es un arma poderosísima', '2017-06-13', 'http://ep00.epimg.net/deportes/imagenes/2017/06/11/actualidad/1497174641_214560_1497213900_miniatura_normal.jpg', 27, 13964),
('http://deportes.elpais.com/deportes/2017/06/11/actualidad/1497182990_212672.html#?ref=rss&format=simple&link=link', 'Vela rescata un empate frente a Estados Unidos', 'El equipo mexicano no logra vencer al conjunto de las barras y las estrellas (1-1) y el delantero de la Real Sociedad evita una derrota en el Azteca', '2017-06-13', 'http://ep00.epimg.net/deportes/imagenes/2017/06/11/actualidad/1497182990_212672_1497238921_miniatura_normal.jpg', 27, 14005),
('http://deportes.elpais.com/deportes/2017/06/11/actualidad/1497185019_037303.html#?ref=rss&format=simple&link=link', 'Inglaterra acaba con la rebelión de Venezuela y gana el Mundial', 'La selección inglesa de fútbol no ganaba un campeonato del mundo desde que su selección absoluta se impusiera en 1966', '2017-06-13', 'http://ep00.epimg.net/deportes/imagenes/2017/06/11/actualidad/1497185019_037303_1497186709_miniatura_normal.jpg', 27, 14004),
('http://deportes.elpais.com/deportes/2017/06/11/actualidad/1497189023_101379.html#?ref=rss&format=simple&link=link', 'Real Madrid contra la selección española', 'El 21 de diciembre de 1961 se enfrentaron en un amistoso que homenajeaba al club blanco como campeón de la Intercontinental', '2017-06-13', 'http://ep00.epimg.net/deportes/imagenes/2017/06/11/actualidad/1497189023_101379_1497203861_miniatura_normal.jpg', 27, 14000),
('http://deportes.elpais.com/deportes/2017/06/11/actualidad/1497189583_683162.html#?ref=rss&format=simple&link=link', 'Hamilton se pasea en el GP de Canadá; Alonso abandona', 'El inglés vence por delante de Bottas y Ricciardo y aumenta su ventaja en el Mundial', '2017-06-13', 'http://ep00.epimg.net/deportes/imagenes/2017/06/11/actualidad/1497189583_683162_1497189809_miniatura_normal.jpg', 27, 13977),
('http://deportes.elpais.com/deportes/2017/06/11/actualidad/1497190320_066570.html#?ref=rss&format=simple&link=link', 'Dubljevic toma Madrid y el Valencia empata la final', 'El conjunto de Pedro Martínez, liderado por el pívot montenegrino, impone su solidez ante un rival inconstante', '2017-06-13', 'http://ep00.epimg.net/deportes/imagenes/2017/06/11/actualidad/1497190320_066570_1497205087_miniatura_normal.jpg', 27, 13988),
('http://deportes.elpais.com/deportes/2017/06/11/actualidad/1497191748_928186.html#?ref=rss&format=simple&link=link', 'Los secundarios del Tour sorprenden a Porte y Froome en la Dauphiné', 'Etapa y general final para el danés Jakob Fuglsang, que culmina vencedor una etapa de ataques a lo grande', '2017-06-13', 'http://ep00.epimg.net/deportes/imagenes/2017/06/11/actualidad/1497191748_928186_1497192311_miniatura_normal.jpg', 27, 13959),
('http://deportes.elpais.com/deportes/2017/06/11/actualidad/1497192729_406341.html#?ref=rss&format=simple&link=link', 'España cumple ante Macedonia (1-2)', 'La selección de Lopetegui se jugará el pase directo al Mundial ante Italia', '2017-06-13', 'http://ep00.epimg.net/deportes/imagenes/2017/06/11/actualidad/1497192729_406341_1497207988_miniatura_normal.jpg', 27, 14001),
('http://deportes.elpais.com/deportes/2017/06/11/actualidad/1497196061_147391.html#?ref=rss&format=simple&link=link', 'En la estirpe de los elegidos', 'Carismático y querido, Nadal forma parte del selecto grupo de deportistas que han tallado un espacio propio, genuinos y únicos', '2017-06-13', 'http://ep00.epimg.net/deportes/imagenes/2017/06/11/actualidad/1497196061_147391_1497200206_miniatura_normal.jpg', 27, 13969),
('http://deportes.elpais.com/deportes/2017/06/11/actualidad/1497199808_258597.html#?ref=rss&format=simple&link=link', 'Jugar al vals en París', 'Nadal había abandonado su flirteo con la decadencia. No había nada que hacer para Wawrinka', '2017-06-13', 'http://ep00.epimg.net/deportes/imagenes/2017/06/11/actualidad/1497199808_258597_1497200426_miniatura_normal.jpg', 27, 13966),
('http://deportes.elpais.com/deportes/2017/06/11/actualidad/1497206480_357937.html#?ref=rss&format=simple&link=link', 'Vive deprisa, muere despacio', 'Nadal nunca había arrasado así un torneo de Grand Slam. Quemó a Wawrinka, hizo arder la pista bajo un rosario de golpes', '2017-06-13', 'http://ep00.epimg.net/deportes/imagenes/2017/06/11/actualidad/1497206480_357937_1497206556_miniatura_normal.jpg', 27, 13965),
('http://deportes.elpais.com/deportes/2017/06/11/actualidad/1497208890_092609.html#?ref=rss&format=simple&link=link', 'Lewis Hamilton es el rey de Canadá; Fernando Alonso abandona de nuevo', 'Tercera victoria del curso del británico, que le da un meneo al Mundial. Fernando Alonso vuelve a abandonar', '2017-06-13', 'http://ep00.epimg.net/deportes/imagenes/2017/06/11/actualidad/1497208890_092609_1497212458_miniatura_normal.jpg', 27, 13976),
('http://deportes.elpais.com/deportes/2017/06/11/actualidad/1497212105_382234.html#?ref=rss&format=simple&link=link', 'Madrid y Barça, ¿quién dijo cambio de ciclo?', 'Habrá que esperar un tiempo para comprobar si este equipo de Zidane, que tiene una pinta excelente, asienta su hegemonía', '2017-06-13', 'http://ep00.epimg.net/deportes/imagenes/2017/06/11/actualidad/1497212105_382234_1497212593_miniatura_normal.jpg', 27, 13963),
('http://deportes.elpais.com/deportes/2017/06/11/actualidad/1497215281_373384.html#?ref=rss&format=simple&link=link', 'España se gana las vacaciones', 'La Roja vence en Macedonia y llegará como líder al decisivo partido con Italia del 2 de septiembre en el Bernabéu', '2017-06-13', 'http://ep00.epimg.net/deportes/imagenes/2017/06/11/actualidad/1497215281_373384_1497215441_miniatura_normal.jpg', 27, 13999),
('http://deportes.elpais.com/deportes/2017/06/11/actualidad/1497216700_088732.html#?ref=rss&format=simple&link=link', 'Sergio Ramos: “Yo tocaría muy poco la plantilla del Madrid”', 'El capitán del equipo blanco y de la selección celebra el fin de temporada pidiendo pocos fichajes en su club', '2017-06-13', 'http://ep00.epimg.net/deportes/imagenes/2017/06/11/actualidad/1497216700_088732_1497216863_miniatura_normal.jpg', 27, 13996),
('http://deportes.elpais.com/deportes/2017/06/12/actualidad/1497218726_894877.html#?ref=rss&format=simple&link=link', 'El New Zealand, a un punto de disputar la Copa del América al Oracle', 'Los neozelandeses vuelven a superar a los suecos del Artemis y dejan la eliminatoria 4-2', '2017-06-13', 'http://ep00.epimg.net/deportes/imagenes/2017/06/12/actualidad/1497218726_894877_1497219405_miniatura_normal.jpg', 27, 13997),
('http://deportes.elpais.com/deportes/2017/06/12/actualidad/1497236175_170362.html#?ref=rss&format=simple&link=link', 'México saca un empate amargo contra Estados Unidos', 'El equipo mexicano se oxida y no logra vencer (1-1) en el Azteca al equipo de Bruce Arena en su último examen antes de encarar la Copa Confederaciones', '2017-06-13', 'http://ep00.epimg.net/deportes/imagenes/2017/06/12/actualidad/1497236175_170362_1497237965_miniatura_normal.jpg', 27, 13995),
('http://deportes.elpais.com/deportes/2017/06/12/actualidad/1497257727_357750.html#?ref=rss&format=simple&link=link', 'El fiscal denuncia a Mijatovic por defraudar a Hacienda 190.000 euros', 'El exjugador del Real Madrid solo declaró como ingresos en 2011 un inmueble en Mijas', '2017-06-13', 'http://ep00.epimg.net/deportes/imagenes/2017/06/12/actualidad/1497257727_357750_1497258754_miniatura_normal.jpg', 27, 13954),
('http://deportes.elpais.com/deportes/2017/06/12/actualidad/1497258889_983662.html#?ref=rss&format=simple&link=link', 'España corona la mejor primavera de Isco', 'Titular en Macedonia por primera vez en la fase de clasificación mundialista, el malagueño se dispone a dar un salto en el escalón jerárquico de la selección', '2017-06-13', 'http://ep00.epimg.net/deportes/imagenes/2017/06/12/actualidad/1497258889_983662_1497262129_miniatura_normal.jpg', 27, 13953),
('http://deportes.elpais.com/deportes/2017/06/12/actualidad/1497264809_915145.html#?ref=rss&format=simple&link=link', 'El Madrid recluta a Vallejo', 'El jugador de 20 años, que esta temporada jugó cedido en el Eintracht alemán, refuerza la defensa tras la salida de Pepe', '2017-06-13', 'http://ep00.epimg.net/deportes/imagenes/2017/06/12/actualidad/1497264809_915145_1497285504_miniatura_normal.jpg', 27, 13952),
('http://deportes.elpais.com/deportes/2017/06/12/actualidad/1497267759_059931.html#?ref=rss&format=simple&link=link', 'Nadal como siempre, Nadal como nunca', 'No hay tenista que se haya reinventado como el español; el jugador que más ha repetido en un grand slam es también el que más ha cambiado para aferrarse a él', '2017-06-13', 'http://ep00.epimg.net/deportes/imagenes/2017/06/12/actualidad/1497267759_059931_1497268115_miniatura_normal.jpg', 27, 13949),
('http://deportes.elpais.com/deportes/2017/06/12/actualidad/1497283372_517462.html#?ref=rss&format=simple&link=link', 'Los Warriors de Durant y Curry logran un anillo que marca una época', 'Cleveland se queda corto en su tremenda batalla (129-120) y sucumbe (4-1) en la quinta final perdida por LeBron James', '2017-06-13', 'http://ep00.epimg.net/deportes/imagenes/2017/06/12/actualidad/1497283372_517462_1497328719_miniatura_normal.jpg', 27, 13950),
('http://deportes.elpais.com/deportes/2017/06/12/actualidad/1497284126_727319.html#?ref=rss&format=simple&link=link', 'Belmonte: “Quiero aprovechar la motivación de Río”', 'Mireia compite en un maratón de pruebas en el Ciutat de Barcelona con la mente puesta en el Mundial de Budapest', '2017-06-13', 'http://ep00.epimg.net/deportes/imagenes/2017/06/12/actualidad/1497284126_727319_1497284349_miniatura_normal.jpg', 27, 13955),
('http://deportes.elpais.com/deportes/2017/06/12/actualidad/1497287576_215808.html#?ref=rss&format=simple&link=link', 'Dos raquetas con siete vidas', 'Hace unos meses Nadal y Federer parecían haber perdido el tono competitivo, pero han regresado a lo grande', '2017-06-13', 'http://ep00.epimg.net/deportes/imagenes/2017/06/12/actualidad/1497287576_215808_1497292142_miniatura_normal.jpg', 27, 13948),
('http://deportes.elpais.com/deportes/2017/06/12/actualidad/1497287691_075039.html#?ref=rss&format=simple&link=link', 'Final NBA 2017: Warriors - Cavaliers | Calendario y resultados', 'Consulta las fechas y horarios de los partidos de los playoffs finales entre los Cleveland Cavaliers y los Golden State Warriors', '2017-06-13', 'http://ep00.epimg.net/deportes/imagenes/2017/06/12/actualidad/1497287691_075039_1497287822_miniatura_normal.jpg', 27, 13987),
('http://deportes.elpais.com/deportes/2017/06/12/actualidad/1497289070_750617.html#?ref=rss&format=simple&link=link', 'La ACB estira hasta el día 27 el plazo para definir los ascensos', 'Los clubes se dan dos semanas más de margen para concretar el marco legal, económico y deportivo de la próxima temporada, con Gipuzkoa, Burgos y Palencia a la espera', '2017-06-13', 'http://ep00.epimg.net/deportes/imagenes/2017/06/12/actualidad/1497289070_750617_1497289369_miniatura_normal.jpg', 27, 13958),
('http://deportes.elpais.com/deportes/2017/06/12/actualidad/1497289921_187779.html#?ref=rss&format=simple&link=link', 'Griezmann renueva con el Atlético hasta 2022', 'El delantero francés de 26 años amplía su contrato con el conjunto rojiblanco una temporada más de lo que tenía acordado', '2017-06-13', 'http://ep00.epimg.net/deportes/imagenes/2017/06/12/actualidad/1497289921_187779_1497290173_miniatura_normal.jpg', 27, 13951),
('http://deportes.elpais.com/deportes/2017/06/12/actualidad/1497290763_570539.html#?ref=rss&format=simple&link=link', 'Los Warriors, campeones de la NBA tras derrotar a los Cavaliers', 'Los de Golden State se hacen con la final al vencer en el quinto partido 129-120 al equipo de Cleveland', '2017-06-13', 'http://ep00.epimg.net/deportes/imagenes/2017/06/12/actualidad/1497290763_570539_1497327373_miniatura_normal.jpg', 27, 13986),
('http://deportes.elpais.com/deportes/2017/06/12/actualidad/1497298267_309924.html#?ref=rss&format=simple&link=link', 'El New Zealand gana la Louis Vuitton y estará en la final de la Copa del America', 'Los kiwis vencen en la primera regata de este lunes a lo suecos del Artemis y suman el punto que les faltaba para llegar a la gran final', '2017-06-13', 'http://ep00.epimg.net/deportes/imagenes/2017/06/12/actualidad/1497298267_309924_1497299002_miniatura_normal.jpg', 27, 13957),
('http://deportes.elpais.com/deportes/2017/06/12/actualidad/1497298776_382526.html#?ref=rss&format=simple&link=link', 'Nadal: “No soy un ganador obsesivo', 'Después de engrandecer su leyenda, el balear (Manacor, 31 años) argumenta que lo peor, más que no alzar títulos en dos años, ha sido dejar de competir por las lesiones: “Me he llevado muchos golpes”', '2017-06-13', 'http://ep00.epimg.net/deportes/imagenes/2017/06/12/actualidad/1497298776_382526_1497298974_miniatura_normal.jpg', 27, 13947),
('http://deportes.elpais.com/elpais/2017/06/11/album/1497186853_111866.html#?ref=rss&format=simple&link=link', 'Nadal - Wawrinka, la final de Roland Garros 2017 en imágenes', 'El tenista balear conquitá su décimo título de Roland Garros', '2017-06-13', 'http://ep00.epimg.net/elpais/imagenes/2017/06/11/album/1497186853_111866_1497198134_miniatura_normal.jpg', 27, 14003),
('http://deportes.elpais.com/elpais/2017/06/11/album/1497207914_260584.html#?ref=rss&format=simple&link=link', 'Macedonia - España, las imágenes del partido', 'Te mostramos foto a foto el partido de clasificación para el Mundial de Rusia 2018', '2017-06-13', 'http://ep00.epimg.net/elpais/imagenes/2017/06/11/album/1497207914_260584_1497217465_miniatura_normal.jpg', 27, 13998),
('http://deportes.elpais.com/elpais/2017/06/11/media/1497193790_562413.html#?ref=rss&format=simple&link=link', 'Rafa Nadal consigue su décimo torneo de Roland Garros', 'Con 15 trofeos de Grand Slam, el español está entre los tenistas más grandes de la historia', '2017-06-13', 'http://ep00.epimg.net/elpais/imagenes/2017/06/11/media/1497193790_562413_1497194485_miniatura_normal.png', 27, 14002),
('http://economia.elpais.com/ccaa/2017/06/06/catalunya/1496776267_569547.html#?ref=rss&format=simple&link=link', 'El silencio de Artur Mas', '¿Realmente el ex presidente no sabía nada de las finanzas ni de las actividades de su gran amigo y colaborador Germà Gordó?', '2017-06-12', 'http://ep00.epimg.net/cat/imagenes/2017/06/06/opinion/1496776267_569547_1496776333_miniatura_normal.jpg', 28, 13775),
('http://economia.elpais.com/economia/2017/02/17/actualidad/1487342497_292653.html#?ref=rss&format=simple&link=link', 'BLOG | Finanzas a las 9', 'Los profesionales de Afi ofrecen un punto de vista singular sobre la actualidad del sistema financiero', '2017-06-13', 'http://ep00.epimg.net/economia/imagenes/2017/02/17/actualidad/1487342497_292653_1488481992_portadilla_normal.jpg', 28, 13906),
('http://economia.elpais.com/economia/2017/05/11/actualidad/1494519824_073866.html#?ref=rss&format=simple&link=link', 'Innovación para seguir construyendo', 'El salón Construmat de Barcelona se conjura para sacar al sector de la crisis gracias a la tecnología', '2017-06-12', 'http://ep00.epimg.net/economia/imagenes/2017/05/11/actualidad/1494519824_073866_1494520131_miniatura_normal.jpg', 28, 13805),
('http://economia.elpais.com/economia/2017/05/18/actualidad/1495121255_811212.html#?ref=rss&format=simple&link=link', 'La feria del autobús se mueve', 'Ifema retrasa FIAA para encajarla mejor en el calendario ferial europeo y reforzar la presencia de un sector en auge', '2017-06-12', '', 28, 13803),
('http://economia.elpais.com/economia/2017/05/19/actualidad/1495194529_597197.html#?ref=rss&format=simple&link=link', 'Los vehículos de ocasión llegan al gran escaparate de Madrid', 'Ifema acoge la XXI edición del Salón del Vehículo de Ocasión entre el 19 y el 28 de mayo', '2017-06-13', 'http://ep00.epimg.net/economia/imagenes/2017/05/19/actualidad/1495194529_597197_1495194729_miniatura_normal.jpg', 28, 13945),
('http://economia.elpais.com/economia/2017/06/01/actualidad/1496330891_748682.html#?ref=rss&format=simple&link=link', 'El encuentro del sector nefrológico', 'Ifema acoge el congreso anual de la Asociación Renal Europea y de la Asociación de Diálisis y Trasplantes', '2017-06-13', 'http://ep00.epimg.net/economia/imagenes/2017/06/01/actualidad/1496330891_748682_1496331065_miniatura_normal.jpg', 28, 13944),
('http://economia.elpais.com/economia/2017/06/02/actualidad/1496402541_236318.html#?ref=rss&format=simple&link=link', '¿De verdad es tan barato volar con las ‘low cost’ a América?', 'Norwegian y Level declaran una guerra de precios a las aerolíneas tradicionales, pero los servicios añadidos que ofrecen, incluso los básicos, son caros', '2017-06-13', 'http://ep00.epimg.net/economia/imagenes/2017/06/02/actualidad/1496402541_236318_1496403147_miniatura_normal.jpg', 28, 13940),
('http://economia.elpais.com/economia/2017/06/02/actualidad/1496416464_672505.html#?ref=rss&format=simple&link=link', '¿Te has confundido en la declaración de la renta? Así puedes solucionarlo', 'Remediar un error es más sencillo si se hace antes del cierre de la campaña. Aquí todos los pasos', '2017-06-12', 'http://ep00.epimg.net/economia/imagenes/2017/06/02/actualidad/1496416464_672505_1496418862_miniatura_normal.jpg', 28, 13091),
('http://economia.elpais.com/economia/2017/06/05/actualidad/1496683413_821630.html#?ref=rss&format=simple&link=link', 'El mercado donde todo lo que se vende es reciclado', 'Más de 3.000 personas acuden en Madrid a la tercera edición del Recycling Market, un espacio de venta de productos sostenibles', '2017-06-13', 'http://ep00.epimg.net/economia/imagenes/2017/06/05/actualidad/1496683413_821630_1496744504_portadilla_normal.jpg', 28, 13942),
('http://economia.elpais.com/economia/2017/06/07/actualidad/1496847213_698225.html#?ref=rss&format=simple&link=link', 'Tres españoles en la élite de la innovación educativa', 'Más de 150 jóvenes de diferentes países son elegidos por WISE, de la Fundación Qtar, para transformar el modelo educativo mundial', '2017-06-13', 'http://ep00.epimg.net/economia/imagenes/2017/06/07/actualidad/1496847213_698225_1496847477_miniatura_normal.jpg', 28, 13939),
('http://economia.elpais.com/economia/2017/06/07/actualidad/1496855106_996045.html#?ref=rss&format=simple&link=link', 'Trabajar al estilo japonés', 'Los modelos productivos y de organización del empleo en el país asiático se diseminan por el mundo con notables resultados', '2017-06-12', 'http://ep00.epimg.net/economia/imagenes/2017/06/07/actualidad/1496855106_996045_1496855519_miniatura_normal.jpg', 28, 13082),
('http://economia.elpais.com/economia/2017/06/07/actualidad/1496856669_112606.html#?ref=rss&format=simple&link=link', 'Hernani: “Hay sectores poco representados en Bolsa”', 'El nuevo consejero delegado del mercado español (Bilbao, 1963) ha desarrollado casi toda su carrera pegado al parqué bursátil', '2017-06-13', 'http://ep00.epimg.net/economia/imagenes/2017/06/07/actualidad/1496856669_112606_1496857249_miniatura_normal.jpg', 28, 13930),
('http://economia.elpais.com/economia/2017/06/07/actualidad/1496859863_909395.html#?ref=rss&format=simple&link=link', '¿Debe mentir el ministro Guindos?', 'El Popular llevaba un lustro de parches homeopáticos como los que criticó este Gobierno', '2017-06-12', 'http://ep00.epimg.net/economia/imagenes/2017/06/07/actualidad/1496859863_909395_1496860257_miniatura_normal.jpg', 28, 13770),
('http://economia.elpais.com/economia/2017/06/07/mis_derechos/1496841435_992993.html#?ref=rss&format=simple&link=link', 'Un nuevo tratamiento para la disolución judicial de sociedades', 'La ley pretende evitar que las sociedades puedan continuar el desarrollo de la actividad de forma normal cuando surjan causas legales o estatutarias que les obligan a disolverse', '2017-06-12', 'http://ep00.epimg.net/economia/imagenes/2017/06/07/mis_derechos/1496841435_992993_1496841883_miniatura_normal.jpg', 28, 13088),
('http://economia.elpais.com/economia/2017/06/08/actualidad/1496911989_879267.html#?ref=rss&format=simple&link=link', 'Así es el mayor observatorio inteligente del viento', 'Acciona gestiona desde Navarra y en tiempo real el funcionamiento de 8.000 aerogeneradores en 18 países', '2017-06-13', 'http://ep00.epimg.net/economia/imagenes/2017/06/08/actualidad/1496911989_879267_1496912364_miniatura_normal.jpg', 28, 13931),
('http://economia.elpais.com/economia/2017/06/08/actualidad/1496912276_903642.html#?ref=rss&format=simple&link=link', 'Un mal que cuesta 200.000 millones', 'Ifema acoge la reunión de EULAC, la Liga Europea contra el Reumatismo, que engloba más de 200 enfermedades', '2017-06-13', 'http://ep00.epimg.net/economia/imagenes/2017/06/08/actualidad/1496912276_903642_1496919882_miniatura_normal.jpg', 28, 13943),
('http://economia.elpais.com/economia/2017/06/08/actualidad/1496912740_030111.html#?ref=rss&format=simple&link=link', 'El retorno de la política industrial', 'Nos faltan instrumentos de cooperación, diálogo y acuerdo. Y un reparto más claro de responsabilidades entre los diferentes actores', '2017-06-13', 'http://ep00.epimg.net/economia/imagenes/2017/06/08/actualidad/1496912740_030111_1496997292_miniatura_normal.jpg', 28, 13908),
('http://economia.elpais.com/economia/2017/06/08/actualidad/1496913006_690310.html#?ref=rss&format=simple&link=link', 'El fabricante de helados Ben & Jerry’s se juega su identidad', 'La empresa, propiedad de Unilever desde 2000, tiene cada vez más difícil mantener sus principios sociales y ecológicos', '2017-06-13', 'http://ep00.epimg.net/economia/imagenes/2017/06/08/actualidad/1496913006_690310_1496913223_miniatura_normal.jpg', 28, 12209),
('http://economia.elpais.com/economia/2017/06/08/actualidad/1496913523_770995.html#?ref=rss&format=simple&link=link', 'Europa se acerca a una solución para el euro', 'El destino ha dado a Europa una oportunidad única para poner su casa en orden. Si no la aprovechamos, el aumento del populismo será inevitable', '2017-06-13', '', 28, 13911),
('http://economia.elpais.com/economia/2017/06/08/actualidad/1496915541_227034.html#?ref=rss&format=simple&link=link', 'Las ITV examinarán el ‘cerebro’ de los coches', 'La nueva directiva europea, que entra en vigor en 2018, permite a las inspecciones técnicas analizar las centralitas de los vehículos y medir mejor las emisiones de gases', '2017-06-13', 'http://ep00.epimg.net/economia/imagenes/2017/06/08/actualidad/1496915541_227034_1496915967_miniatura_normal.jpg', 28, 13929),
('http://economia.elpais.com/economia/2017/06/08/actualidad/1496915810_310822.html#?ref=rss&format=simple&link=link', 'La minera de Chile salvada por el litio', 'El aumento del precio del mineral resucita a la empresa SQM, casi hundida por el desplome del yodo y potasio y por un escándalo de financiación política', '2017-06-13', 'http://ep00.epimg.net/economia/imagenes/2017/06/08/actualidad/1496915810_310822_1496916089_miniatura_normal.jpg', 28, 13932),
('http://economia.elpais.com/economia/2017/06/08/actualidad/1496938583_468230.html#?ref=rss&format=simple&link=link', 'Concentración bancaria acelerada', 'Una fusión es una solución más barata que una intervención de cualquier naturaleza y suele dar resultados en las fases iniciales de las perturbaciones bancarias', '2017-06-12', 'http://ep00.epimg.net/economia/imagenes/2017/06/08/actualidad/1496938583_468230_1496938669_miniatura_normal.jpg', 28, 13054),
('http://economia.elpais.com/economia/2017/06/08/actualidad/1496938866_839312.html#?ref=rss&format=simple&link=link', 'Paradojas bancarias', 'El sistema ha mostrado una gran inmunidad frente a los problemas del Popular', '2017-06-13', '', 28, 13933),
('http://economia.elpais.com/economia/2017/06/08/actualidad/1496943892_607259.html#?ref=rss&format=simple&link=link', '¡Gracias, Santander!', 'El banco que dirige Ana Botín asume la gestión del problema y se compromete a cubrir las pérdidas', '2017-06-13', 'http://ep00.epimg.net/economia/imagenes/2017/06/08/actualidad/1496943892_607259_1496944000_miniatura_normal.jpg', 28, 13914),
('http://economia.elpais.com/economia/2017/06/08/mis_derechos/1496936015_476023.html#?ref=rss&format=simple&link=link', '¿Qué armas legales tenemos para luchar contra el terrorismo yihadista?', 'Después de cada atentado se repiten las mismas reflexiones: ¿cómo se les puede hacer frente? ¿De qué medios disponemos para frenarlos?', '2017-06-13', 'http://ep00.epimg.net/economia/imagenes/2017/06/08/mis_derechos/1496936015_476023_1496936729_miniatura_normal.jpg', 28, 13938),
('http://economia.elpais.com/economia/2017/06/09/actualidad/1497003183_567267.html#?ref=rss&format=simple&link=link', '¿Qué es lo mejor y lo peor de las aplicaciones de los bancos?', 'Los clientes llevan una oficina virtual en el bolsillo pero algunos de los programas tienen detalles que mejorar', '2017-06-13', 'http://ep00.epimg.net/economia/imagenes/2017/06/09/actualidad/1497003183_567267_1497005540_miniatura_normal.jpg', 28, 13941),
('http://economia.elpais.com/economia/2017/06/09/actualidad/1497009383_084325.html#?ref=rss&format=simple&link=link', 'El hundimiento del Estado', 'Trump no está a la altura y eso ya tiene consecuencias: desde una mala sanidad hasta la pérdida de credibilidad mundial', '2017-06-12', 'http://ep00.epimg.net/economia/imagenes/2017/06/09/actualidad/1497009383_084325_1497009672_miniatura_normal.jpg', 28, 13792),
('http://economia.elpais.com/economia/2017/06/09/actualidad/1497019872_808875.html#?ref=rss&format=simple&link=link', 'La compra de una vivienda sobre plano tiene premio', 'La adquisición de una casa antes de que arranque la obra sale hasta un 15% más barata en el ciclo de mercado actual', '2017-06-12', 'http://ep00.epimg.net/economia/imagenes/2017/06/09/actualidad/1497019872_808875_1497020030_miniatura_normal.jpg', 28, 13790),
('http://economia.elpais.com/economia/2017/06/09/actualidad/1497023742_898555.html#?ref=rss&format=simple&link=link', 'El sector bancario español reduce sus jugadores', 'Santander, Caixabank, BBVA, Bankia y Sabadell controlan el 64% de cuota de mercado de créditos en España tras la adquisición del Popular por el primero', '2017-06-12', 'http://ep00.epimg.net/economia/imagenes/2017/06/09/actualidad/1497023742_898555_1497024787_miniatura_normal.jpg', 28, 13053),
('http://economia.elpais.com/economia/2017/06/09/actualidad/1497026040_582629.html#?ref=rss&format=simple&link=link', 'El nuevo mapa y la competencia', 'La absorción del Popular por el Santander supone una vuelta de tuerca más en el aumento de la concentración del mercado bancario', '2017-06-13', 'http://ep00.epimg.net/economia/imagenes/2017/06/09/actualidad/1497026040_582629_1497250143_miniatura_normal.jpg', 28, 13910),
('http://economia.elpais.com/economia/2017/06/09/actualidad/1497026074_510575.html#?ref=rss&format=simple&link=link', '“No podemos asumir que sea natural cobrar 2,5 euros la hora”', 'Nuria López, primera secretaria general de CC OO en Andalucía, llama a los nuevos trabajadores por cuenta propia a sumarse a la lucha sindical', '2017-06-13', 'http://ep00.epimg.net/economia/imagenes/2017/06/09/actualidad/1497026074_510575_1497026178_miniatura_normal.jpg', 28, 13893),
('http://economia.elpais.com/economia/2017/06/09/actualidad/1497026720_419789.html#?ref=rss&format=simple&link=link', 'El crédito, un arma de doble filo', 'La caída de Popular muestra deficiencias en la supervisión de la actividad crediticia', '2017-06-13', '', 28, 13909),
('http://economia.elpais.com/economia/2017/06/09/actualidad/1497026822_787437.html#?ref=rss&format=simple&link=link', 'La inacción sale más cara que la acción', 'La decisión de Donald Trump para la salida de EE UU del Acuerdo de París sería incomprensible', '2017-06-13', 'http://ep00.epimg.net/economia/imagenes/2017/06/09/actualidad/1497026822_787437_1497029707_miniatura_normal.jpg', 28, 13912),
('http://economia.elpais.com/economia/2017/06/09/actualidad/1497031942_443593.html#?ref=rss&format=simple&link=link', 'Las demandas contra el Popular pueden superar los 1.500 millones', 'Además de la ampliación de capital con acciones, vendió convertibles y deuda subordinada en la red', '2017-06-12', 'http://ep00.epimg.net/economia/imagenes/2017/06/09/actualidad/1497031942_443593_1497032042_miniatura_normal.jpg', 28, 13058),
('http://economia.elpais.com/economia/2017/06/10/actualidad/1497081138_298097.html#?ref=rss&format=simple&link=link', 'Guía para no perderse (o arruinarse) con el fin del ‘roaming’', 'El recargo por llamar y navegar con el móvil desde otro país de la UE desaparece el día 15, pero todavía hay mucha letra pequeña', '2017-06-13', 'http://ep00.epimg.net/economia/imagenes/2016/09/05/actualidad/1473095663_307938_1473096126_miniatura_normal.jpg', 28, 13902),
('http://economia.elpais.com/economia/2017/06/10/actualidad/1497093405_956188.html#?ref=rss&format=simple&link=link', 'Los precarios de la nueva economía digital', 'La revolución tecnológica ahonda las diferencias entre puestos cualificados bien pagados y un creciente número de trabajadores que prestan servicios cada vez en peores condiciones', '2017-06-12', 'http://ep00.epimg.net/economia/imagenes/2017/06/10/actualidad/1497093405_956188_1497104371_miniatura_normal.jpg', 28, 13050),
('http://economia.elpais.com/economia/2017/06/10/actualidad/1497109230_871796.html#?ref=rss&format=simple&link=link', 'CAF invertirá 60 millones hasta 2018, el doble del beneficio de 2016', 'La Junta General aprueba un dividendo de 0,58 euros brutos por acción que eleva al 10% el retribuido con cargo a 2016', '2017-06-12', 'http://ep00.epimg.net/economia/imagenes/2017/06/10/actualidad/1497109230_871796_1497109683_miniatura_normal.jpg', 28, 13764),
('http://economia.elpais.com/economia/2017/06/10/actualidad/1497113055_882296.html#?ref=rss&format=simple&link=link', 'Crisis del Popular: ¿cómo se puede acabar con un banco de 91 años en una noche?', 'La pérdida de confianza en el Popular se reflejó primero en la cotización, y acabó convirtiéndose en una mortal fuga de depósitos que el presidente no fue capaz de frenar', '2017-06-12', 'http://ep00.epimg.net/economia/imagenes/2017/06/10/actualidad/1497113055_882296_1497114137_miniatura_normal.jpg', 28, 13052),
('http://economia.elpais.com/economia/2017/06/11/actualidad/1497194036_141158.html#?ref=rss&format=simple&link=link', 'Italia compra más aceite de oliva español que nunca', 'Las compras superarán esta campaña las 400.000 toneladas y provocaron la subida de precios', '2017-06-12', 'http://ep00.epimg.net/economia/imagenes/2017/06/11/actualidad/1497194036_141158_1497195297_miniatura_normal.jpg', 28, 13049),
('http://economia.elpais.com/economia/2017/06/11/actualidad/1497196070_004657.html#?ref=rss&format=simple&link=link', 'Corbyn y las promesas rotas', 'Los jóvenes españoles son los más anticapitalistas de la UE. Paro y precarización lo explican', '2017-06-13', 'http://ep00.epimg.net/economia/imagenes/2017/06/11/actualidad/1497196070_004657_1497196538_miniatura_normal.jpg', 28, 13907),
('http://economia.elpais.com/economia/2017/06/11/actualidad/1497199347_506999.html#?ref=rss&format=simple&link=link', 'Pymes y hogares sustituyen el producto extranjero por el nacional', 'Un estudio del Banco de España sostiene que los españoles compran más bienes y servicios \'made in Spain\' que antes de la crisis', '2017-06-13', 'http://ep00.epimg.net/economia/imagenes/2017/06/11/actualidad/1497199347_506999_1497200272_miniatura_normal.jpg', 28, 13904),
('http://economia.elpais.com/economia/2017/06/11/actualidad/1497206915_579798.html#?ref=rss&format=simple&link=link', 'El tránsito de Finlandia del papel a la bioenergía', 'El 21% de las exportaciones del país nórdico proceden de sus bosques, un sector que está en plena transformación', '2017-06-12', 'http://ep00.epimg.net/economia/imagenes/2017/06/11/actualidad/1497206915_579798_1497208975_miniatura_normal.jpg', 28, 13048),
('http://economia.elpais.com/economia/2017/06/12/actualidad/1497248125_165772.html#?ref=rss&format=simple&link=link', 'La CNMV prohíbe especular a la baja con las acciones de Liberbank', 'Los títulos del banco se disparan en Bolsa el 30% en la apertura tras perder la semana pasada más del 40% de su valor', '2017-06-12', 'http://ep00.epimg.net/economia/imagenes/2017/06/12/actualidad/1497248125_165772_1497248399_miniatura_normal.jpg', 28, 13044),
('http://economia.elpais.com/economia/2017/06/12/actualidad/1497261883_944169.html#?ref=rss&format=simple&link=link', 'Guindos augura un crecimiento “histórico” del empleo en el segundo trimestre', 'El ministro ha afirmado en el Foro \'El Perú del futuro\' que el crecimiento de la economía entre abril y junio será \"más fuerte\"', '2017-06-13', 'http://ep00.epimg.net/economia/imagenes/2017/06/12/actualidad/1497261883_944169_1497289401_miniatura_normal.jpg', 28, 13905);
INSERT INTO `articles_rss` (`link`, `title`, `description`, `pub_date`, `cover`, `rss_id`, `num_entry`) VALUES
('http://economia.elpais.com/economia/2017/06/12/actualidad/1497263601_756984.html#?ref=rss&format=simple&link=link', 'Las querellas contra la liquidación del Popular se acumulan en la Audiencia Nacional', 'La OCU se persona contra el expresidente del banco Ángel Ron y la auditora PwC por falsedad contable y estafa', '2017-06-13', 'http://ep00.epimg.net/economia/imagenes/2017/06/12/actualidad/1497263601_756984_1497267368_miniatura_normal.jpg', 28, 13892),
('http://economia.elpais.com/economia/2017/06/12/actualidad/1497265596_428778.html#?ref=rss&format=simple&link=link', 'El timo de los falsos cupones de Mercadona vuelve por el verano', 'Alertan de la estafa viral por WhatsApp que promete 150 euros en vales de descuento y que ya se reprodujo en los dos últimos veranos', '2017-06-13', 'http://ep00.epimg.net/economia/imagenes/2017/06/12/actualidad/1497265596_428778_1497265729_miniatura_normal.jpg', 28, 13900),
('http://economia.elpais.com/economia/2017/06/12/actualidad/1497274487_797025.html#?ref=rss&format=simple&link=link', 'Todo lo que tu contador de la luz puede hacer por ti', '', '2017-06-13', 'http://ep00.epimg.net/economia/imagenes/2017/06/12/actualidad/1497274487_797025_1497274526_miniatura_normal.jpg', 28, 13946),
('http://economia.elpais.com/economia/2017/06/12/actualidad/1497277030_218264.html#?ref=rss&format=simple&link=link', 'Funcas eleva hasta el 3,2% la previsión de crecimiento del PIB para este año', 'La Fundación de análisis económico mejora sus proyecciones económicas por el buen comportamiento del sector exterior', '2017-06-13', 'http://ep00.epimg.net/economia/imagenes/2017/06/12/actualidad/1497277030_218264_1497277150_miniatura_normal.jpg', 28, 13901),
('http://economia.elpais.com/economia/2017/06/12/actualidad/1497277932_025835.html#?ref=rss&format=simple&link=link', 'El 78% de los directivos españoles reconoce no estar preparado contra ciberataques', 'Ocho de cada diez altos ejecutivos confían en incrementar la plantilla en los próximos tres años', '2017-06-13', 'http://ep00.epimg.net/economia/imagenes/2017/06/12/actualidad/1497277932_025835_1497282511_miniatura_normal.jpg', 28, 13899),
('http://economia.elpais.com/economia/2017/06/12/actualidad/1497281053_242564.html#?ref=rss&format=simple&link=link', 'Guindos dice que ayuntamientos y autonomías sacaron dinero del Popular antes de la quiebra', 'El ministro califica al Popular de \"banco zombi desde hacía tiempo porque no concedía créditos\"', '2017-06-13', 'http://ep00.epimg.net/economia/imagenes/2017/06/12/actualidad/1497281053_242564_1497283497_miniatura_normal.jpg', 28, 13891),
('http://economia.elpais.com/economia/2017/06/12/actualidad/1497286219_119625.html#?ref=rss&format=simple&link=link', 'El Tribunal de Cuentas detecta algunas deficiencias en contrataciones de RTVE', 'El organismo fiscalizador critica el contrato de alojamiento para cubrir los Juegos de Río 2016', '2017-06-13', 'http://ep00.epimg.net/economia/imagenes/2017/06/12/actualidad/1497286219_119625_1497289375_miniatura_normal.jpg', 28, 13897),
('http://economia.elpais.com/economia/2017/06/12/actualidad/1497286415_902074.html#?ref=rss&format=simple&link=link', 'UGT se enfrenta a su federación de servicios por un convenio firmado con Adecco', 'Álvarez pide a Cilleros, su rival para suceder a Méndez, que retire su firma del pacto, un hecho sin precedentes', '2017-06-13', 'http://ep00.epimg.net/economia/imagenes/2017/06/12/actualidad/1497286415_902074_1497286720_miniatura_normal.jpg', 28, 13894),
('http://economia.elpais.com/economia/2017/06/12/actualidad/1497287762_572159.html#?ref=rss&format=simple&link=link', 'La antigua Pescanova rebota en Bolsa y sus acciones suben el 180%', 'La compañía volvió a cotizar la semana pasada tras estar cuatro años suspendida', '2017-06-13', 'http://ep00.epimg.net/economia/imagenes/2017/06/12/actualidad/1497287762_572159_1497288023_miniatura_normal.jpg', 28, 13903),
('http://economia.elpais.com/economia/2017/06/12/actualidad/1497290630_304527.html#?ref=rss&format=simple&link=link', 'Así son las apuestas ‘en corto’ de los especuladores en España: suman 6.073 millones', 'Las compañías de mayor tamaño, aquellas que forman parte del índice Ibex 35, son las favoritas de los \'bajistas\'', '2017-06-13', 'http://ep00.epimg.net/economia/imagenes/2017/06/12/actualidad/1497290630_304527_1497291144_miniatura_normal.jpg', 28, 13890),
('http://economia.elpais.com/economia/2017/06/12/actualidad/1497292001_740935.html#?ref=rss&format=simple&link=link', 'La china Cosco compra el 51% de Noatum y se queda con la terminal del Puerto de Valencia', 'La firma asiática pagará 203,49 millones de euros para ampliar su red hacia puertos del Mediterráneo y Europa', '2017-06-13', 'http://ep00.epimg.net/economia/imagenes/2017/06/12/actualidad/1497292001_740935_1497292114_miniatura_normal.jpg', 28, 13896),
('http://economia.elpais.com/economia/2017/06/12/actualidad/1497292816_925368.html#?ref=rss&format=simple&link=link', 'Churras y merinas bancarias', 'Prohibir las posiciones cortas parece justificado ante los ataques, pero es un terreno complicado', '2017-06-13', 'http://ep00.epimg.net/economia/imagenes/2017/06/12/actualidad/1497292816_925368_1497292988_miniatura_normal.jpg', 28, 13895),
('http://economia.elpais.com/economia/2017/06/12/mis_derechos/1497260584_546710.html#?ref=rss&format=simple&link=link', 'Todo lo que tienes que saber sobre la moción de censura', 'Puede presentarla cualquier grupo parlamentario, siempre que sean más de 35 diputados. De aprobarse, el presidente debe presentar su dimisión y se investirá al candidato propuesto', '2017-06-13', 'http://ep00.epimg.net/economia/imagenes/2017/06/12/mis_derechos/1497260584_546710_1497261081_miniatura_normal.jpg', 28, 13937),
('http://economia.elpais.com/economia/2017/06/13/actualidad/1497306173_200560.html#?ref=rss&format=simple&link=link', 'Las peores horas de Travis Kalanick, consejero delegado de Uber', 'El directivo espera veredicto sobre una posible salida temporal forzada ante todos los frentes abiertos que tiene en la emrpesa', '2017-06-13', 'http://ep00.epimg.net/economia/imagenes/2017/06/13/actualidad/1497306173_200560_1497306289_miniatura_normal.jpg', 28, 13898),
('http://economia.elpais.com/elpais/2017/05/26/fotorrelato/1495817611_032418.html#?ref=rss&format=simple&link=link', '18 ‘apps’ imprescindibles para viajar', '¿Estás preparando tus vacaciones? El móvil es ya tu mejor compañero', '2017-06-13', 'http://ep00.epimg.net/elpais/imagenes/2017/05/26/fotorrelato/1495817611_032418_1496922982_miniatura_normal.jpg', 28, 13935),
('http://economia.elpais.com/elpais/2017/05/30/opinion/1496169543_500652.html#?ref=rss&format=simple&link=link', 'El abono intelectual del populismo', 'El populista manipula los peores instintos del ciudadano. Arraiga en ambientes viciados por quienes alimentan una visión maniquea de la realidad —adornada con elementos plausibles— que hacen creíble su discurso', '2017-06-12', 'http://ep00.epimg.net/elpais/imagenes/2017/05/30/opinion/1496169543_500652_1496846465_miniatura_normal.jpg', 28, 13773),
('http://economia.elpais.com/elpais/2017/05/31/fotorrelato/1496243925_526733.html#?ref=rss&format=simple&link=link', 'Del vapor al gas natural', 'Un breve repaso a la historia de la navegación, desde las barcas con remos, hasta el primer ferri con motor de gas natural para barcos de pasajeros en España', '2017-06-12', 'http://ep00.epimg.net/elpais/imagenes/2017/05/31/fotorrelato/1496243925_526733_1496252509_miniatura_normal.jpg', 28, 13096),
('http://economia.elpais.com/elpais/2017/06/06/talento_digital/1496745327_595670.html#?ref=rss&format=simple&link=link', 'Los datos son tu nuevo ADN. Descubre lo que hacen por ti', 'La inteligencia artificial evoluciona gracias a la información que cedemos, que permite a las empresas ofrecer contenido más personalizado que nunca', '2017-06-12', 'http://ep00.epimg.net/elpais/imagenes/2017/06/06/talento_digital/1496745327_595670_1496766637_miniatura_normal.jpg', 28, 13085),
('http://economia.elpais.com/elpais/2017/06/07/opinion/1496853982_978651.html#?ref=rss&format=simple&link=link', 'Popular, salvación por vía de urgencia', 'La compra por el Santander es la solución más razonable en una situación al borde del colapso', '2017-06-12', 'http://ep00.epimg.net/elpais/imagenes/2017/06/07/opinion/1496853982_978651_1496854105_miniatura_normal.jpg', 28, 13774),
('http://economia.elpais.com/elpais/2017/06/08/opinion/1496942117_733319.html#?ref=rss&format=simple&link=link', 'Insostenible Montoro', 'La anulación de la amnistía fiscal deja sin autoridad al ministro de Hacienda', '2017-06-13', 'http://ep00.epimg.net/elpais/imagenes/2017/06/08/opinion/1496942117_733319_1496942346_miniatura_normal.jpg', 28, 13915),
('http://economia.elpais.com/elpais/2017/06/09/opinion/1497007472_616420.html#?ref=rss&format=simple&link=link', 'Coletazos del dragón', 'Donald Trump encarna el ego herido de un Occidente que pierde la hegemonía frente a Asia', '2017-06-13', 'http://ep00.epimg.net/elpais/imagenes/2017/06/09/opinion/1497007472_616420_1497007666_miniatura_normal.jpg', 28, 13913),
('http://economia.elpais.com/elpais/2017/06/12/talento_digital/1497268648_631339.html#?ref=rss&format=simple&link=link', 'Cómo quitarle el trabajo a un robot', 'Para competir con las máquinas hay que aprender a diferenciarse. Aquí van siete consejos para poder hacerlo con éxito', '2017-06-13', 'http://ep00.epimg.net/elpais/imagenes/2017/06/12/talento_digital/1497268648_631339_1497279836_miniatura_normal.jpg', 28, 13934),
('http://economia.elpais.com/internacional/2017/06/06/actualidad/1496751025_253772.html#?ref=rss&format=simple&link=link', 'El acceso a la universidad en China no es igual para todos', 'El examen actual es considerado como el método más equitativo, pero las diferencias entre alumnos empiezan desde su lugar de nacimiento', '2017-06-12', 'http://ep00.epimg.net/internacional/imagenes/2017/06/06/actualidad/1496751025_253772_1496810734_miniatura_normal.jpg', 28, 13089),
('http://elpais.com/ccaa/2017/05/31/catalunya/1496220644_483613.html#?ref=rss&format=simple&link=link', 'Puigdemont exige a Rajoy que aclare cómo impedirá el referéndum', 'El presidente de la Generalitat asegura que las \"amenazas\" solo \"le animan\" a seguir adelante', '2017-06-13', 'http://ep00.epimg.net/ccaa/imagenes/2017/05/31/catalunya/1496220644_483613_1496225358_miniatura_normal.jpg', 16, 13857),
('http://elpais.com/ccaa/2017/06/01/catalunya/1496294355_866563.html#?ref=rss&format=simple&link=link', 'El nuevo reglamento del Parlament, a punto', 'Junts pel Sí y la CUP cerrarán este jueves por la tarde el acuerdo que facilitará la aprobación de la ley de ruptura', '2017-06-12', 'http://ep00.epimg.net/ccaa/imagenes/2017/06/01/catalunya/1496294355_866563_1496294582_miniatura_normal.jpg', 16, 13713),
('http://elpais.com/ccaa/2017/06/02/catalunya/1496422127_963598.html#?ref=rss&format=simple&link=link', 'Puigdemont se abre ahora a ir al Congreso a debatir el referéndum', 'El Gobierno catalán quiere asegurarse que tiene garantías de negociación y que no se repetirá un capítulo como el del \'Plan Ibarretxe\'', '2017-06-12', 'http://ep00.epimg.net/ccaa/imagenes/2016/12/29/catalunya/1483006825_524100_1483006932_miniatura_normal.jpg', 16, 13709),
('http://elpais.com/ccaa/2017/06/07/catalunya/1496844484_806118.html#?ref=rss&format=simple&link=link', 'Plantón a un profesor de ESO por sus comentarios homófobos', 'Más de un centenar de alumnos del Instituto Samuel Gili i Gaya se manifiestan contra el docente y Enseñanza abre una inspección', '2017-06-12', 'http://ep00.epimg.net/ccaa/imagenes/2017/06/07/catalunya/1496844484_806118_1496844672_miniatura_normal.jpg', 16, 13740),
('http://elpais.com/ccaa/2017/06/08/catalunya/1496904247_576504.html#?ref=rss&format=simple&link=link', 'Guardiola dice que es un “privilegio” que el Parlament le pida leer el manifiesto', '“Mas y Puigdemont son gente muy valiente que se la juega para llevar esto a cabo\", afirma el exentrenador del Barça', '2017-06-13', 'http://ep00.epimg.net/ccaa/imagenes/2017/06/07/catalunya/1496834513_701791_1496834577_miniatura_normal.jpg', 16, 13855),
('http://elpais.com/ccaa/2017/06/08/catalunya/1496949839_194428.html#?ref=rss&format=simple&link=link', 'La Policía registra las casas de los hermanos Cierco en Andorra', 'Los Pujol denunciaron a los banqueros por facilitar información de la familia a España', '2017-06-13', 'http://ep00.epimg.net/ccaa/imagenes/2017/06/08/catalunya/1496949839_194428_1496950105_miniatura_normal.jpg', 16, 13870),
('http://elpais.com/ccaa/2017/06/08/valencia/1496919559_786362.html#?ref=rss&format=simple&link=link', 'El plástico invade el Mediterráneo', 'Greenpeace inicia en Valencia una campaña en la cuenca mediterránea contra la contaminación marina por este material', '2017-06-12', 'http://ep00.epimg.net/ccaa/imagenes/2017/06/08/valencia/1496919559_786362_1496919955_miniatura_normal.jpg', 16, 13745),
('http://elpais.com/ccaa/2017/06/09/catalunya/1496992021_200661.html#?ref=rss&format=simple&link=link', 'Puigdemont anuncia para el 1 de octubre el referéndum sobre la independencia', '\"¿Quiere que Cataluña sea un Estado independiente en forma de república?\" es la pregunta', '2017-06-13', 'http://ep00.epimg.net/ccaa/imagenes/2017/06/09/catalunya/1496992021_200661_1496998998_miniatura_normal.jpg', 16, 13853),
('http://elpais.com/ccaa/2017/06/10/catalunya/1497118095_453048.html#?ref=rss&format=simple&link=link', 'La Generalitat formará “agentes electorales” para el referéndum', 'El objetivo es que sustituyan a los funcionarios en la consulta ilegal del 1 de octubre', '2017-06-12', 'http://ep00.epimg.net/ccaa/imagenes/2017/06/10/catalunya/1497118095_453048_1497118793_miniatura_normal.jpg', 16, 12985),
('http://elpais.com/ccaa/2017/06/11/catalunya/1497175102_725678.html#?ref=rss&format=simple&link=link', 'El soberanismo sube el tono por el referéndum y exige no negociarlo', '\"Votaremos para decidir nuestro futuro aunque el Estado no quiera\", reza el manifiesto que ha leído Pep Guardiola', '2017-06-13', 'http://ep00.epimg.net/ccaa/imagenes/2017/06/11/catalunya/1497175102_725678_1497176213_miniatura_normal.jpg', 16, 13852),
('http://elpais.com/ccaa/2017/06/12/catalunya/1497253736_556473.html#?ref=rss&format=simple&link=link', 'Forcadell defiende el referéndum unilateral a las puertas del TSJC', 'Los líderes independentistas y los comunes arropan juntos a Nuet en su declaración ante el juez', '2017-06-13', 'http://ep00.epimg.net/ccaa/imagenes/2017/06/12/catalunya/1497253736_556473_1497253941_miniatura_normal.jpg', 16, 6993),
('http://elpais.com/ccaa/2017/06/12/catalunya/1497258343_396956.html#?ref=rss&format=simple&link=link', 'Puigdemont se plantea convocar la consulta con solo un mes de antelación', 'El presidente de la Generalitat anuncia que en julio divulgará el contenido de la secreta Ley de Transitoriedad', '2017-06-13', 'http://ep00.epimg.net/elpais/imagenes/2017/06/08/opinion/1496943899_747471_1496943965_miniatura_normal.jpg', 16, 6994),
('http://elpais.com/ccaa/2017/06/12/catalunya/1497294478_350257.html#?ref=rss&format=simple&link=link', 'Los sindicalistas catalanes que defienden la independencia ya tienen su red', 'Las direcciones de CC OO y UGT piden que se aclare el papel de los funcionarios en la consulta', '2017-06-13', 'http://ep00.epimg.net/ccaa/imagenes/2017/06/12/catalunya/1497294478_350257_1497296633_miniatura_normal.jpg', 16, 6995),
('http://elpais.com/ccaa/2017/06/12/valencia/1497258427_666910.html#?ref=rss&format=simple&link=link', 'La Generalitat reactiva las obras de la línea de metro T2 de Valencia, paralizadas desde 2011', 'La conexión entre la Ciudad de las Artes y la Estación del Norte estará operativa en 2023', '2017-06-13', 'http://ep00.epimg.net/ccaa/imagenes/2017/06/12/valencia/1497258427_666910_1497258543_miniatura_normal.jpg', 16, 13885),
('http://elpais.com/cincodias/2017/06/08/mercados/1496952745_332868.html#?ref=rss&format=simple&link=link', 'Así se harán de oro los bajistas que apostaron contra Popular', 'Varios intermediarios de contratos por diferencias (CFD) liquidan los títulos valorados a 0 euros\nBME también ha liquidado las posiciones en las opciones: los que apostaron por caídas ganan el máximo', '2017-06-12', 'http://ep00.epimg.net/cincodias/imagenes/2017/06/08/mercados/1496952745_332868_1496952889_miniatura_normal.jpg', 28, 13074),
('http://elpais.com/cincodias/2017/06/09/mercados/1497017168_292643.html#?ref=rss&format=simple&link=link', '¿Tu gestora de fondos de inversión se parece más a Versace o a Primark?', 'Algunas firmas cobran comisiones caras por malos productos\nEs importante tener en cuenta varios factores al elegir un fondo de inversión', '2017-06-13', 'http://ep00.epimg.net/cincodias/imagenes/2017/06/09/mercados/1497017168_292643_1497031703_miniatura_normal.jpg', 28, 20929),
('http://elpais.com/cincodias/2017/06/09/mercados/1497022181_033232.html#?ref=rss&format=simple&link=link', '¿Qué lecciones deja Popular a ahorradores e inversores en bancos?', 'La banca ya se rige como cualquier otra empresa en caso de quiebra\nAccionistas y tenedores de deuda pueden llegar a perderlo todo', '2017-06-12', 'http://ep00.epimg.net/cincodias/imagenes/2017/06/09/mercados/1497022181_033232_1497023024_miniatura_normal.jpg', 28, 13072),
('http://elpais.com/cincodias/2017/06/09/mercados/1497027830_228257.html#?ref=rss&format=simple&link=link', 'Así quedan los bancos españoles tras el movimiento de Santander', 'Botín asume más riesgos pero un liderazgo en pymes que deberá aprender a conservar\nSu saneamiento de Popular eleva la presión sobre el sector para la venta de los activos inmobiliarios', '2017-06-12', 'http://ep00.epimg.net/cincodias/imagenes/2017/06/09/mercados/1497027830_228257_1497033636_miniatura_normal.jpg', 28, 13073),
('http://elpais.com/cincodias/2017/06/09/mercados/1497028750_525717.html#?ref=rss&format=simple&link=link', 'Estas son las cotizadas que pagarán dividendo en verano', 'La mejora macroeconómica y de los beneficios permiten a las firmas mejorar los pagos\nTelefónica y compañías energéticas, las más generosas', '2017-06-13', 'http://ep00.epimg.net/cincodias/imagenes/2017/06/09/mercados/1497028750_525717_1497035212_miniatura_normal.jpg', 28, 20930),
('http://elpais.com/cincodias/2017/06/09/midinero/1497035376_781357.html#?ref=rss&format=simple&link=link', 'El Supremo aprieta las tuercas a la banca por productos estructurados', 'Obliga a Santander a devolver 300.000 euros de un fondo Tridente\nAdvierte que hasta un cliente de banca privada que sea contable debe ser bien informado', '2017-06-13', 'http://ep00.epimg.net/cincodias/imagenes/2017/06/09/midinero/1497035376_781357_1497035702_miniatura_normal.jpg', 28, 20931),
('http://elpais.com/cincodias/2017/06/09/midinero/1497036974_540699.html#?ref=rss&format=simple&link=link', 'Europa apremia a informar al ciudadano sobre su pensión futura', 'Abre consulta pública sobre el acceso a la protección social. Empleo registra cinco millones de simulaciones desde 2005', '2017-06-12', 'http://ep00.epimg.net/cincodias/imagenes/2017/06/09/midinero/1497036974_540699_1497037192_miniatura_normal.jpg', 28, 13071),
('http://elpais.com/cincodias/2017/06/10/mercados/1497117370_507943.html#?ref=rss&format=simple&link=link', '¿Cómo afecta y a quién el rescate y venta de Popular?', 'Los accionistas han perdido toda su inversión. Los que apostaron por su caída se han hecho de oro', '2017-06-13', 'http://ep00.epimg.net/economia/imagenes/2017/06/11/modulo_cincodias/1497194055_466996_1497194169_miniatura_normal.jpg', 28, 20933),
('http://elpais.com/cincodias/2017/06/11/companias/1497210033_957732.html#?ref=rss&format=simple&link=link', 'Microsoft ya tiene nueva consola: Xbox One X desde el 7 de noviembre', 'Costará 499 euros, igual que la Xbox One original lanzada en 2013\nSerá la máquina más potente de la historia, con resolución 4K real', '2017-06-13', 'http://ep00.epimg.net/cincodias/imagenes/2017/06/11/companias/1497210033_957732_1497244649_miniatura_normal.jpg', 28, 20932),
('http://elpais.com/cincodias/2017/06/12/companias/1497272813_245053.html#?ref=rss&format=simple&link=link', 'Fin del ‘roaming’ en Europa: adiós un mercado de más de 4.000 millones', 'Las telecos reconocen que tendrá un impacto en sus cuentas de 2017. La entrada en vigor de la nueva normativa tiene lugar este jueves', '2017-06-13', 'http://ep00.epimg.net/cincodias/imagenes/2017/06/12/companias/1497272813_245053_1497272971_miniatura_normal.jpg', 28, 13919),
('http://elpais.com/cincodias/2017/06/12/mercados/1497256885_401119.html#?ref=rss&format=simple&link=link', '¿Liberbank seguirá a Popular? La acción se dispara y los analistas lo descartan', 'El valor sube cerca de un 30% tras el desplome de las dos últimas sesiones\nLos expertos califican de exagerado e injusticado el castigo en Bolsa', '2017-06-13', 'http://ep00.epimg.net/cincodias/imagenes/2017/06/12/mercados/1497256885_401119_1497257104_miniatura_normal.jpg', 28, 20928),
('http://elpais.com/cincodias/2017/06/12/mercados/1497280171_225843.html#?ref=rss&format=simple&link=link', 'Cuáles son las acciones más caras y por qué valen más que una casa', 'El precio por título no implica que la compañía esté más o menos cara\nAena es el valor más valioso de la Bolsa española, seguido por Bayer', '2017-06-13', 'http://ep00.epimg.net/cincodias/imagenes/2017/06/12/mercados/1497280171_225843_1497281058_miniatura_normal.jpg', 28, 13917),
('http://elpais.com/cincodias/2017/06/12/mercados/1497292608_856718.html#?ref=rss&format=simple&link=link', 'La libra sufre el desembarco de la inestabilidad política en Reino Unido', 'Los inversores dudan de la capacidad de May para negociar el brexit con la UE\nLa primera ministra encalla en las negociaciones con los Unionistas irlandeses', '2017-06-13', 'http://ep00.epimg.net/cincodias/imagenes/2017/06/12/mercados/1497292608_856718_1497293641_miniatura_normal.jpg', 28, 13918),
('http://elpais.com/cincodias/2017/06/12/midinero/1497258985_068232.html#?ref=rss&format=simple&link=link', 'WiZink rescata su depósito a 14 meses y sube el interés al 1,15% TAE', 'La entidad vuelve a elevar la rentabilidad de su producto de ahorro estrella', '2017-06-13', 'http://ep00.epimg.net/cincodias/imagenes/2017/06/12/midinero/1497258985_068232_1497264324_miniatura_normal.jpg', 28, 13920),
('http://elpais.com/cincodias/2017/06/12/midinero/1497263519_231243.html#?ref=rss&format=simple&link=link', 'La OCU se querella contra la antigua cúpula de Popular en nombre de los 305.000 accionistas afectados', 'Presenta una querella contra Ron, Larena, Higuera y PwC por estafa a inversores ante la Audiencia Nacional. Critica que el coto a los bajistas de Liberbank no se aplicara en Popular', '2017-06-13', 'http://ep00.epimg.net/cincodias/imagenes/2017/06/12/midinero/1497263519_231243_1497263779_miniatura_normal.jpg', 28, 13916),
('http://elpais.com/cincodias/2017/06/12/midinero/1497291647_467239.html#?ref=rss&format=simple&link=link', 'Las macrocausas por cláusulas suelo allanan el camino al particular', 'El Supremo insta a los jueces a aplicar, por regla general, los fallos previos de acciones colectivas\nAnula una cláusula de Popular que ya fue tumbada por macrodemanda', '2017-06-13', 'http://ep00.epimg.net/cincodias/imagenes/2017/06/12/midinero/1497291647_467239_1497291718_miniatura_normal.jpg', 28, 13921),
('http://elpais.com/deportes/2017/06/13/runrun_de_mercado/1497313238_410717.html#?ref=rss&format=simple&link=link', 'Mbappé, la estrella del mercado', 'El delantero del Mónaco despierta el interés de muchos de los grandes clubes de Europa. El último en sumarse, el Liverpool; el prinicipal favorito para ficharle, el Real Madrid. Su precio, más de 100 millones de euros', '2017-06-13', 'http://ep00.epimg.net/deportes/imagenes/2017/06/13/runrun_de_mercado/1497313238_410717_1497313331_miniatura_normal.jpg', 27, 13960),
('http://elpais.com/economia/2017/06/02/actualidad/1496427341_030344.html#?ref=rss&format=simple&link=link', 'Una comunidad conectada por enchufes', 'Durante la primera etapa andaluza de la vuelta eléctrica a España, el equipo Endesa repostó en Motril, en un punto de recarga privado al que puede acceder, previa llamada, todo el que necesite energía', '2017-06-12', 'http://ep00.epimg.net/economia/imagenes/2017/06/02/actualidad/1496427341_030344_1496852676_miniatura_normal.jpg', 28, 13086),
('http://elpais.com/economia/2017/06/10/actualidad/1497126367_540345.html#?ref=rss&format=simple&link=link', 'Cómo ahorrar 200 kilos de CO2 al medio ambiente', 'El equipo de Endesa completa en Madrid la primera vuelta a España en coche eléctrico. Un periplo de 1.600 kilómetros que ha evitado la emisión de 200 kilos de dióxido de carbono a la atmósfera', '2017-06-13', 'http://ep00.epimg.net/economia/imagenes/2017/06/12/portada/1497281797_668815_1497286377_miniatura_normal.jpg', 28, 13936),
('http://elpais.com/elpais/2017/06/08/la_voz_de_inaki/1496906510_875211.html#?ref=rss&format=simple&link=link', 'Reino Unido: 42-37', 'El día que May anunció las elecciones, las encuestas le daban una ventaja de 20 puntos; 50 días después las distancias se han reducido', '2017-06-12', 'http://ep00.epimg.net/elpais/imagenes/2017/06/08/la_voz_de_inaki/1496906510_875211_1496906703_miniatura_normal.jpg', 16, 13750),
('http://elpais.com/elpais/2017/06/09/videos/1497008078_312575.html#?ref=rss&format=simple&link=link', 'Foro: El Perú del futuro, en directo', 'El presidente peruano, Pedro Pablo Kuczynski, y otros líderes políticos y empresariales participan en un encuentro organizado por EL PAÍS para analizar los retos y oportunidades que afronta el país suramericano', '2017-06-12', 'http://ep00.epimg.net/elpais/imagenes/2017/06/09/videos/1497008078_312575_1497010501_miniatura_normal.jpg', 28, 13045),
('http://elpais.com/elpais/2017/06/11/media/1497193790_562413.html#?ref=rss&format=simple&link=link', 'Rafa Nadal consigue su décimo torneo de Roland Garros', 'Con 15 trofeos de Grand Slam, el español está entre los tenistas más grandes de la historia', '2017-06-12', 'http://ep00.epimg.net/elpais/imagenes/2017/06/11/media/1497193790_562413_1497194485_miniatura_normal.png', 27, 13099),
('http://elpais.com/elpais/2017/06/13/la_voz_de_inaki/1497338189_381659.html#?ref=rss&format=simple&link=link', '¿Moción de censura contra Pablo Iglesias?', '\"Entre lo desafortunado del momento elegido y que todos le tienen muchísimas ganas a la formación morada, el foco se proyecta, no sobre el presidente del Gobierno, sino sobre el líder de Unidos Podemos\"', '2017-06-13', 'http://ep00.epimg.net/elpais/imagenes/2017/06/13/la_voz_de_inaki/1497338189_381659_1497338237_miniatura_normal.jpg', 16, 13888),
('http://elpais.com/politica/2017/06/04/actualidad/1496590042_747261.html#?ref=rss&format=simple&link=link', '“¿Fuma? ¿Se ha sentido una mujer maltratada?”', 'La Comunidad Valenciana generaliza un cuestionario para descubrir violencia de género entre las mujeres que van al médico de cabecera. En año y medio han detectado 3.000 casos', '2017-06-12', 'http://ep00.epimg.net/politica/imagenes/2017/06/04/actualidad/1496590042_747261_1496590214_miniatura_normal.jpg', 16, 13744),
('http://elpais.com/politica/2017/06/09/actualidad/1497008268_898489.html#?ref=rss&format=simple&link=link', 'Euskadi quiere evitar que las discotecas discriminen por sexo', 'Un borrador de reglamento prohíbe que se den entradas gratis o a menor precio a las mujeres', '2017-06-13', 'http://ep00.epimg.net/politica/imagenes/2017/06/09/actualidad/1497008268_898489_1497011183_miniatura_normal.jpg', 16, 13883),
('http://elpais.com/politica/2017/06/12/actualidad/1497269215_610093.html#?ref=rss&format=simple&link=link', 'Podemos llega a la moción dividido por el referéndum', 'Los anticapitalistas se desmarcan de la línea oficial con su apoyo expreso a la consulta unilateral', '2017-06-13', 'http://ep00.epimg.net/politica/imagenes/2017/06/12/actualidad/1497269215_610093_1497271795_miniatura_normal.jpg', 16, 6984),
('http://elpais.com/retina/2017/05/30/tendencias/1496145669_471728.html#?ref=rss&format=simple&link=link', '¿Qué viene detrás de Wannacry? Más ‘ransomware’ y la sombra del ‘biohacking’', 'La información digitalizada cada vez es más sensible. Sam Balaji, el gurú de la gestión de riesgos de Deloitte, nos cuenta a qué nos enfrentaremos próximamente.', '2017-06-13', 'http://ep00.epimg.net/retina/imagenes/2017/05/30/tendencias/1496145669_471728_1496145892_miniatura_normal.jpg', 28, 13928),
('http://elpais.com/retina/2017/05/30/tendencias/1496154380_977310.html#?ref=rss&format=simple&link=link', 'El ‘big data’ ayuda a tomar decisiones, pero lo importante es la intuición', 'Muchas empresas basan sus planes de actuación en lo que dicen los datos, pero a veces conviene confiar en el sentido común.', '2017-06-13', 'http://ep00.epimg.net/retina/imagenes/2017/05/30/tendencias/1496154380_977310_1496155617_miniatura_normal.jpg', 28, 13927),
('http://elpais.com/retina/2017/05/31/tendencias/1496249565_622928.html#?ref=rss&format=simple&link=link', 'Las ‘fintech’ miran al futuro mientras los bancos zozobran', 'EL PAÍS RETINA reúne a cinco representantes de empresas ‘fintech’ para hablar de los retos del sector. Su optimismo se apuntala en el maná de los ‘millennials’.', '2017-06-13', 'http://ep00.epimg.net/retina/imagenes/2017/05/31/tendencias/1496249565_622928_1496249923_miniatura_normal.jpg', 28, 13922),
('http://elpais.com/retina/2017/06/05/fotorrelato/1496663362_879121.html#?ref=rss&format=simple&link=link', 'Ya éramos cíborgs y no lo sabíamos', '¿Somos organismos cibernéticos? Te contamos siete casos en los que el hombre ya funciona como Darth Vader.', '2017-06-13', 'http://ep00.epimg.net/retina/imagenes/2017/06/05/fotorrelato/1496663362_879121_1496851173_miniatura_normal.jpg', 28, 13923),
('http://elpais.com/retina/2017/06/06/tendencias/1496744837_749365.html#?ref=rss&format=simple&link=link', 'La ciberseguridad mundial mejoraría si velasen por ella más mujeres', 'Solo el 11% de los puestos de seguridad digital a nivel mundial están ocupados por ellas, que aportarían más creatividad, perseverancia y lado humano', '2017-06-13', 'http://ep00.epimg.net/retina/imagenes/2017/06/06/tendencias/1496744837_749365_1496850397_miniatura_normal.jpg', 28, 13924),
('http://elpais.com/retina/2017/06/07/innovacion/1496827847_765479.html#?ref=rss&format=simple&link=link', 'Bruselas: España crea ‘startups’, pero no sabe sacarles rendimiento', 'España, el quinto país en el ranking de ecosistemas de startups. Con el \'brexit\' perderemos al país que genera una de cada tres \'startups\' escalables, según Bruselas.', '2017-06-13', 'http://ep00.epimg.net/retina/imagenes/2017/06/07/innovacion/1496827847_765479_1496828194_miniatura_normal.jpg', 28, 13926),
('http://elpais.com/retina/2017/06/07/tendencias/1496830523_914456.html#?ref=rss&format=simple&link=link', 'El PAÍS y Google, juntos en Retina para la transformación digital', 'La empresa americana, referente en innovación y nuevas tecnologías, se incorpora como colaborador de Retina', '2017-06-13', 'http://ep00.epimg.net/retina/imagenes/2017/06/07/tendencias/1496830523_914456_1496830728_miniatura_normal.jpg', 28, 13925),
('http://localhost:8080/noticiasDSNews?n=1', 'awefawefa', 'wefawef', '2017-06-13', '', 29, 13889),
('http://politica.elpais.com/elpais/2017/06/12/la_voz_de_inaki/1497252419_308164.html#?ref=rss&format=simple&link=link', 'Cañones de fogueo', 'La moción de censura de Podemos, que se debate este martes, no procede en este momento', '2017-06-13', 'http://ep00.epimg.net/elpais/imagenes/2017/06/12/la_voz_de_inaki/1497252419_308164_1497252791_miniatura_normal.jpg', 16, 12166),
('http://politica.elpais.com/internacional/2017/06/07/actualidad/1496864663_620514.html#?ref=rss&format=simple&link=link', 'España acoge este verano a 375 refugiados sirios de Líbano', 'En septiembre España llevará a cabo el último reasentamiento con un total de 1.449 refugiados sirios acogidos en 2017', '2017-06-13', 'http://ep00.epimg.net/internacional/imagenes/2017/06/07/actualidad/1496864663_620514_1496866533_miniatura_normal.jpg', 16, 7018),
('http://politica.elpais.com/politica/2017/06/02/actualidad/1496397151_082775.html#?ref=rss&format=simple&link=link', 'La Fiscalía pretende que Mas reintegre los 5,12 millones que costó la consulta ilegal del 9-N', 'El ministerio público ve “malversación contable” y pide al Tribunal de Cuentas que investigue al expresident y a los consejeros Homs, Ortega y Rigau', '2017-06-12', 'http://ep00.epimg.net/ccaa/imagenes/2017/02/05/catalunya/1486317027_843507_1486317112_miniatura_normal.jpg', 16, 13010),
('http://politica.elpais.com/politica/2017/06/02/actualidad/1496407760_313194.html#?ref=rss&format=simple&link=link', 'La Audiencia Nacional confirma la prisión provisional de Ignacio González', 'La Sección Cuarta ve riesgo de fuga y reiteración delictiva del expresidente de la Comunidad de Madrid', '2017-06-12', 'http://ep00.epimg.net/politica/imagenes/2017/06/02/actualidad/1496407760_313194_1496407829_miniatura_normal.jpg', 16, 13725),
('http://politica.elpais.com/politica/2017/06/05/actualidad/1496679897_440609.html#?ref=rss&format=simple&link=link', 'Rivera acordó con Rajoy proteger al máximo a los funcionarios en Cataluña', 'Conclusión de la ronda de contactos de los responsables sindicales del CSIF con los líderes de PP, Ciudadanos y PSOE', '2017-06-13', 'http://ep00.epimg.net/politica/imagenes/2017/06/05/actualidad/1496679897_440609_1497263093_miniatura_normal.jpg', 16, 13856),
('http://politica.elpais.com/politica/2017/06/05/diario_de_espana/1496686371_690963.html#?ref=rss&format=simple&link=link', 'Cuando llevar el velo islámico te deja sin trabajo', 'Mujeres musulmanas residentes en España reivindican que la decisión de usar hiyab no condicione su vida laboral', '2017-06-12', 'http://ep00.epimg.net/politica/imagenes/2017/06/05/diario_de_espana/1496686371_690963_1496686643_miniatura_normal.jpg', 16, 13742),
('http://politica.elpais.com/politica/2017/06/06/actualidad/1496733126_767310.html#?ref=rss&format=simple&link=link', 'La doctora Pinto identifica “sin género de dudas” a Villarejo como autor de su apuñalamiento', 'La víctima señala al comisario jubilado como la persona que la asaltó cuando recogía a su hijo', '2017-06-12', 'http://ep00.epimg.net/politica/imagenes/2017/06/06/actualidad/1496733126_767310_1496927076_miniatura_normal.jpg', 16, 13728),
('http://politica.elpais.com/politica/2017/06/06/actualidad/1496733334_962776.html#?ref=rss&format=simple&link=link', 'El juez procesa al expresidente de Murcia por la Púnica', 'Pedro Antonio Sánchez asegura que solo se reunió una vez con los conseguidores de la trama y después de que estos lo solicitaran en múltiples ocasiones', '2017-06-12', 'http://ep00.epimg.net/politica/imagenes/2017/06/06/actualidad/1496733334_962776_1496738932_miniatura_normal.jpg', 16, 13727),
('http://politica.elpais.com/politica/2017/06/06/actualidad/1496743027_196639.html#?ref=rss&format=simple&link=link', '‘Spinner’, el juguete del que todos hablan', 'EL PAÍS lanza una nueva colección con cuatro modelos diferentes del entretenimiento de moda, a la venta este fin de semana con el periódico', '2017-06-13', 'http://ep00.epimg.net/politica/imagenes/2017/06/06/actualidad/1496743027_196639_1496938800_miniatura_normal.jpg', 16, 13887),
('http://politica.elpais.com/politica/2017/06/06/actualidad/1496743349_854994.html#?ref=rss&format=simple&link=link', 'El Rey inaugura el pabellón de España en la Expo Internacional de Astaná', 'La propuesta española se centra en las energías renovables y su investigación y desarrollo', '2017-06-12', 'http://ep00.epimg.net/politica/imagenes/2017/06/06/actualidad/1496743349_854994_1496744541_miniatura_normal.jpg', 16, 13704),
('http://politica.elpais.com/politica/2017/06/06/actualidad/1496748322_797924.html#?ref=rss&format=simple&link=link', 'El Poder Judicial archiva la investigación sobre si el juez Velasco pidió trabajo para su mujer a Ignacio González', 'La autoridad disciplinaria del Poder Judicial considera que la denuncia está basada en informaciones periodísticas \"carentes de sustento\"', '2017-06-12', 'http://ep00.epimg.net/politica/imagenes/2017/06/06/actualidad/1496748322_797924_1496748855_miniatura_normal.jpg', 16, 13726),
('http://politica.elpais.com/politica/2017/06/06/actualidad/1496757234_648644.html#?ref=rss&format=simple&link=link', 'De la Mata da seis meses a la fiscalía para acabar la investigación del ‘caso Gürtel’', 'El juez de la Audiencia Nacional rechaza la prórroga de un año que pidió Anticorrupción', '2017-06-12', 'http://ep00.epimg.net/politica/imagenes/2017/06/06/actualidad/1496757234_648644_1496757470_miniatura_normal.jpg', 16, 13722),
('http://politica.elpais.com/politica/2017/06/06/actualidad/1496769450_153013.html#?ref=rss&format=simple&link=link', 'Los grupos imponen al PP que Bárcenas abra la comisión de investigación', 'Mariano Rajoy será el último que hable en el Congreso sobre la presunta financiación ilegal del PP', '2017-06-12', 'http://ep00.epimg.net/politica/imagenes/2017/06/06/actualidad/1496769450_153013_1496769718_miniatura_normal.jpg', 16, 13716),
('http://politica.elpais.com/politica/2017/06/06/actualidad/1496772500_235082.html#?ref=rss&format=simple&link=link', 'Rajoy prepara a fondo la moción de censura de Pablo Iglesias', 'El presidente aún no ha decidido si responderá él mismo al líder de Podemos', '2017-06-12', 'http://ep00.epimg.net/politica/imagenes/2017/06/06/actualidad/1496772500_235082_1496773624_miniatura_normal.jpg', 16, 13720),
('http://politica.elpais.com/politica/2017/06/06/actualidad/1496775880_283649.html#?ref=rss&format=simple&link=link', 'Siete jóvenes denuncian que un dron les grabó mientras tomaban el sol desnudas en un barco en Mallorca', 'La Guardia Civil ha identificado a los autores que filmaron las imágenes desde un yate de lujo cercano', '2017-06-13', 'http://ep00.epimg.net/politica/imagenes/2017/06/06/actualidad/1496775880_283649_1496778384_miniatura_normal.jpg', 16, 13877),
('http://politica.elpais.com/politica/2017/06/07/actualidad/1496787236_169838.html#?ref=rss&format=simple&link=link', 'El español Echeverría, un héroe entre los muertos en el ataque de Londres', 'Las hermanas de la víctima han confirmado su fallecimiento a través de Facebook', '2017-06-12', 'http://ep00.epimg.net/politica/imagenes/2017/06/07/actualidad/1496787236_169838_1496788326_miniatura_normal.jpg', 16, 13733),
('http://politica.elpais.com/politica/2017/06/07/actualidad/1496836140_810677.html#?ref=rss&format=simple&link=link', 'El mapa de los accidentes de bicicleta en las carreteras', 'Cuatro provincias concentran más del 25% de los siniestros, según los datos de la DGT', '2017-06-13', 'http://ep00.epimg.net/politica/imagenes/2017/06/07/actualidad/1496836140_810677_1496842876_miniatura_normal.png', 16, 13879),
('http://politica.elpais.com/politica/2017/06/07/actualidad/1496837609_528560.html#?ref=rss&format=simple&link=link', 'El Pacto de Estado contra la violencia de género “reforzará el Código Penal”', 'Sanidad ha firmado acuerdos con cuatro compañías de móviles para borrar el rastro del 016 y con las farmacias para que alerten si detectan casos de maltrato', '2017-06-12', 'http://ep00.epimg.net/politica/imagenes/2017/06/07/actualidad/1496837609_528560_1496852575_miniatura_normal.jpg', 16, 13747),
('http://politica.elpais.com/politica/2017/06/07/actualidad/1496850207_106214.html#?ref=rss&format=simple&link=link', 'La muerte de uno de los abuelos eleva a cinco los fallecidos en el incendio de Bilbao', 'El abogado Marcos García Montes acusará al Ayuntamiento por homicidio imprudente, lesiones y negligencias', '2017-06-13', 'http://ep00.epimg.net/ccaa/imagenes/2017/05/27/paisvasco/1495867011_125921_1495877705_miniatura_normal.jpg', 16, 13876),
('http://politica.elpais.com/politica/2017/06/07/actualidad/1496851164_631122.html#?ref=rss&format=simple&link=link', 'Fiscales progresistas se quejan de que Justicia “censura” sus cursos de formación', 'La UPF considera que la “revisión de contenidos” de sus ponencias que hace el ministerio vulnera la autonomía de la fiscalía', '2017-06-12', 'http://ep00.epimg.net/politica/imagenes/2017/06/07/actualidad/1496851164_631122_1496851356_miniatura_normal.jpg', 16, 13732),
('http://politica.elpais.com/politica/2017/06/07/actualidad/1496853817_944655.html#?ref=rss&format=simple&link=link', 'Los radares que anunció la DGT y nunca han llegado', 'Tráfico nunca compró los cinemómetros para las motos de la Guardia Civil que destacó el pasado verano en su plan para reducir la siniestralidad', '2017-06-12', 'http://ep00.epimg.net/politica/imagenes/2017/06/07/actualidad/1496853817_944655_1496931638_miniatura_normal.jpg', 16, 13741),
('http://politica.elpais.com/politica/2017/06/07/actualidad/1496857466_223951.html#?ref=rss&format=simple&link=link', 'Pacientes y sanitarios aplauden las donaciones de Amancio Ortega', 'La Federación en Defensa de la Sanidad Pública critica que condiciona la organización del sistema', '2017-06-12', 'http://ep00.epimg.net/politica/imagenes/2017/06/07/actualidad/1496857466_223951_1496858747_miniatura_normal.jpg', 16, 13743),
('http://politica.elpais.com/politica/2017/06/07/actualidad/1496859711_899818.html#?ref=rss&format=simple&link=link', 'Siete folios del ‘caso Púnica’ contra el comisario Villarejo', 'La doctora que denunció a López Madrid por acoso pide sumar a la causa documentos del sumario de corrupción', '2017-06-12', 'http://ep00.epimg.net/politica/imagenes/2017/06/07/actualidad/1496859711_899818_1496861370_miniatura_normal.jpg', 16, 13721),
('http://politica.elpais.com/politica/2017/06/07/actualidad/1496867404_902889.html#?ref=rss&format=simple&link=link', 'Muere un policía durante una persecución de contrabandistas en La Línea', 'El agente ha fallecido en un accidente mientras trataba de capturar a un vehículo sospechoso, según el alcalde', '2017-06-13', 'http://ep00.epimg.net/politica/imagenes/2017/06/07/actualidad/1496867404_902889_1496874063_miniatura_normal.jpg', 16, 13873),
('http://politica.elpais.com/politica/2017/06/08/actualidad/1496904169_790823.html#?ref=rss&format=simple&link=link', 'El juez del ‘caso Auditorio’ critica las “fabulosas confabulaciones” de las acusaciones', 'El magistrado Pérez-Templano apunta a un próximo archivo de la causa que obligó a dimitir de la presidencia de Murcia al popular Pedro Antonio Sánchez.', '2017-06-12', 'http://ep00.epimg.net/politica/imagenes/2017/06/08/actualidad/1496904169_790823_1496905103_miniatura_normal.jpg', 16, 13024),
('http://politica.elpais.com/politica/2017/06/08/actualidad/1496912401_419080.html#?ref=rss&format=simple&link=link', '10 millones de euros para los CIE', 'Apenas el 23% de las repatriaciones de 2016 se hizo desde los centros de internamiento de extranjeros. Tres de cada cuatro internos procedían directamente de una patera', '2017-06-12', 'http://ep00.epimg.net/politica/imagenes/2017/06/08/actualidad/1496912401_419080_1496912909_miniatura_normal.jpg', 16, 13739),
('http://politica.elpais.com/politica/2017/06/08/actualidad/1496913111_575299.html#?ref=rss&format=simple&link=link', 'El “discurso del odio” invade la Red, según un informe de Interior', 'El 42,3% de las amenazas e injurias se producen en Internet', '2017-06-13', 'http://ep00.epimg.net/politica/imagenes/2017/06/08/actualidad/1496913111_575299_1496919224_miniatura_normal.jpg', 16, 13882),
('http://politica.elpais.com/politica/2017/06/08/actualidad/1496914392_153334.html#?ref=rss&format=simple&link=link', 'Un juez manda al banquillo a ‘Kichi’, pese a que la fiscalía pide su absolución', 'El alcalde de Cádiz se sentará en el banquillo acusado de injurias tras apuntar que el PP suministró agua contaminada', '2017-06-12', 'http://ep00.epimg.net/politica/imagenes/2017/06/08/actualidad/1496914392_153334_1496914530_miniatura_normal.jpg', 16, 13025),
('http://politica.elpais.com/politica/2017/06/08/actualidad/1496919122_787115.html#?ref=rss&format=simple&link=link', 'La AVT impulsa una respuesta conjunta europea para las víctimas de terrorismo', 'La asociación española promueve la asistencia inmediata, integral y coordinada para atentados con \"evidente componente de transnacionalidad\"', '2017-06-12', 'http://ep00.epimg.net/politica/imagenes/2017/06/08/actualidad/1496919122_787115_1496919771_miniatura_normal.jpg', 16, 13746),
('http://politica.elpais.com/politica/2017/06/08/actualidad/1496928337_167799.html#?ref=rss&format=simple&link=link', 'Colombia incauta 262.000 euros al ‘número dos’ del caso Lezo', 'La Audiencia rechaza poner en libertad a Edmundo Rodríguez Sobrino, testaferro de Ignacio González', '2017-06-12', 'http://ep00.epimg.net/politica/imagenes/2017/06/08/actualidad/1496928337_167799_1496929120_miniatura_normal.jpg', 16, 13723),
('http://politica.elpais.com/politica/2017/06/08/actualidad/1496930009_671212.html#?ref=rss&format=simple&link=link', 'Juntos desde 1976', 'EL PAÍS homenajea a los suscriptores que acompañan al diario desde su llegada a los quioscos, hace 41 años', '2017-06-12', 'http://ep00.epimg.net/politica/imagenes/2017/06/08/actualidad/1496930009_671212_1496943055_miniatura_normal.jpg', 16, 13748),
('http://politica.elpais.com/politica/2017/06/08/actualidad/1496933024_470959.html#?ref=rss&format=simple&link=link', 'El Constitucional anula la amnistía fiscal y deja en evidencia a Montoro', 'La sentencia apenas tiene efectos prácticos, pero supone un duro varapalo al Ejecutivo de Rajoy', '2017-06-13', 'http://ep00.epimg.net/politica/imagenes/2017/06/08/actualidad/1496933024_470959_1496933420_miniatura_normal.jpg', 16, 13867),
('http://politica.elpais.com/politica/2017/06/08/actualidad/1496933576_152714.html#?ref=rss&format=simple&link=link', 'El juez Velasco seguirá al frente de los casos Lezo y Púnica hasta que llegue García Castellón', 'El titular del juzgado de instrucción 6 de la Audiencia Nacional se incorporará a mediados de julio', '2017-06-12', 'http://ep00.epimg.net/politica/imagenes/2017/06/08/actualidad/1496933576_152714_1496933694_miniatura_normal.jpg', 16, 13724),
('http://politica.elpais.com/politica/2017/06/08/actualidad/1496937359_967797.html#?ref=rss&format=simple&link=link', 'MrBank y otros cibercriminales españoles', 'La policía ha detenido a más de 20.000 ciberdelincuentes en solo cuatro años', '2017-06-13', 'http://ep00.epimg.net/politica/imagenes/2017/06/08/actualidad/1496937359_967797_1497031450_miniatura_normal.jpg', 16, 6998),
('http://politica.elpais.com/politica/2017/06/08/actualidad/1496938703_348757.html#?ref=rss&format=simple&link=link', 'Detenido en Ibiza un británico sospechoso de descuartizar a una bailarina en Tailandia', 'La Audiencia Nacional ha decretado su ingreso en prisión hasta que sea extraditado', '2017-06-13', 'http://ep00.epimg.net/politica/imagenes/2017/06/08/actualidad/1496938703_348757_1496939391_miniatura_normal.jpg', 16, 13874),
('http://politica.elpais.com/politica/2017/06/08/actualidad/1496939795_712768.html#?ref=rss&format=simple&link=link', 'El héroe que durante años luchó contra el terrorismo', 'Ignacio Echeverría dedicó su vida profesional a vigilar posibles operaciones bancarias para financiar terrorismo. Así es un héroe a través de los ojos de amigos y familiares', '2017-06-12', 'http://ep00.epimg.net/politica/imagenes/2017/06/08/actualidad/1496939795_712768_1496939908_miniatura_normal.jpg', 16, 13734),
('http://politica.elpais.com/politica/2017/06/08/actualidad/1496940383_373196.html#?ref=rss&format=simple&link=link', 'Aznar agrava la tensión entre el PP y Ciudadanos con sus guiños a Rivera', 'El expresidente invita al socio de investidura de Rajoy a dar una conferencia', '2017-06-12', 'http://ep00.epimg.net/politica/imagenes/2017/06/08/actualidad/1496940383_373196_1496940627_miniatura_normal.jpg', 16, 13016),
('http://politica.elpais.com/politica/2017/06/08/actualidad/1496940591_493565.html#?ref=rss&format=simple&link=link', '“¿Qué culpa tenemos los abuelos...?” Historia de una denuncia con consecuencias', 'Un error judicial obliga al Estado a pagar 20.000 euros a un matrimonio al que desde hace 10 años no le dejan ver a sus nietas', '2017-06-13', 'http://ep00.epimg.net/politica/imagenes/2017/06/08/actualidad/1496940591_493565_1497032944_miniatura_normal.jpg', 16, 13872),
('http://politica.elpais.com/politica/2017/06/08/actualidad/1496944920_900334.html#?ref=rss&format=simple&link=link', 'La polémica celda 61 de la cárcel de Palencia', 'Un sindicato denuncia que Prisiones tuvo a cinco reclusos sospechosos de portar droga en su organismo durante días en una celda sin agua corriente', '2017-06-13', 'http://ep00.epimg.net/politica/imagenes/2017/06/08/actualidad/1496944920_900334_1496947347_miniatura_normal.jpg', 16, 13875),
('http://politica.elpais.com/politica/2017/06/08/actualidad/1496945334_897059.html#?ref=rss&format=simple&link=link', 'Ábalos: “Desde la izquierda queremos ganar el centroizquierda”', 'Sánchez le quiere al frente de la organización del PSOE pero no ha decidido si dejará del todo la responsabilidad parlamentaria', '2017-06-13', 'http://ep00.epimg.net/politica/imagenes/2017/06/08/actualidad/1496945334_897059_1496945420_miniatura_normal.jpg', 16, 13860),
('http://politica.elpais.com/politica/2017/06/08/actualidad/1496951773_538450.html#?ref=rss&format=simple&link=link', 'Navarra, el reto de la convivencia', 'La presidenta, Uxue Barkos, cumple dos años al frente del Gobierno de una comunidad dividida', '2017-06-12', 'http://ep00.epimg.net/politica/imagenes/2017/06/08/actualidad/1496951773_538450_1496952133_miniatura_normal.jpg', 16, 13040),
('http://politica.elpais.com/politica/2017/06/08/actualidad/1496952815_316802.html#?ref=rss&format=simple&link=link', 'El incremento de coches patera colapsa Ceuta', 'De los 12.000 vehículos que transitan a diario por el paso fronterizo, el 85% van cargados de mercancías para su importación irregular', '2017-06-12', 'http://ep00.epimg.net/politica/imagenes/2017/06/08/actualidad/1496952815_316802_1496953363_miniatura_normal.jpg', 16, 13038);
INSERT INTO `articles_rss` (`link`, `title`, `description`, `pub_date`, `cover`, `rss_id`, `num_entry`) VALUES
('http://politica.elpais.com/politica/2017/06/08/actualidad/1496955346_018869.html#?ref=rss&format=simple&link=link', 'El PP neutraliza la moción de Podemos contra Cifuentes', 'Los populares lograron desactivar el debate con su versión más bronca', '2017-06-12', 'http://ep00.epimg.net/politica/imagenes/2017/06/08/actualidad/1496955346_018869_1496955572_miniatura_normal.jpg', 16, 13018),
('http://politica.elpais.com/politica/2017/06/09/actualidad/1496994693_323874.html#?ref=rss&format=simple&link=link', 'El PSOE promueve la reprobación de Montoro', 'El PP admite ahora “fallos y errores” en la amnistía fiscal exprés de Montoro', '2017-06-13', 'http://ep00.epimg.net/politica/imagenes/2017/06/09/actualidad/1496994693_323874_1496994928_miniatura_normal.jpg', 16, 13863),
('http://politica.elpais.com/politica/2017/06/09/actualidad/1496996665_358596.html#?ref=rss&format=simple&link=link', 'El PP cree que Rajoy intervendrá en la moción de censura de Podemos', 'Los populares se preparan para un debate duro sobre corrupción y confían en la capacidad parlamentaria de su líder', '2017-06-13', 'http://ep00.epimg.net/politica/imagenes/2017/06/09/actualidad/1496996665_358596_1496996793_miniatura_normal.jpg', 16, 13861),
('http://politica.elpais.com/politica/2017/06/09/actualidad/1497005855_347783.html#?ref=rss&format=simple&link=link', 'Susana Díaz relanza las políticas de sanidad, educación y empleo con el cambio de Gobierno', 'La presidenta andaluza presenta un nuevo Ejecutivo tras renovar seis consejerías', '2017-06-12', 'http://ep00.epimg.net/politica/imagenes/2017/06/09/actualidad/1497005855_347783_1497008064_miniatura_normal.jpg', 16, 13017),
('http://politica.elpais.com/politica/2017/06/09/actualidad/1497006439_252872.html#?ref=rss&format=simple&link=link', 'La Universidad de Sevilla admite el enchufismo masivo pero evita sancionar a su responsable', 'Una coordinadora de limpieza en la institución colocó a 22 familiares y amigos', '2017-06-13', 'http://ep00.epimg.net/politica/imagenes/2017/06/09/actualidad/1497006439_252872_1497006632_miniatura_normal.jpg', 16, 13884),
('http://politica.elpais.com/politica/2017/06/09/actualidad/1497009799_291689.html#?ref=rss&format=simple&link=link', 'El Gobierno nombra a Paz Esteban ‘número dos’ del servicio secreto CNI', 'La nueva secretaria general sustituye a Beatriz Méndez de Vigo y es la quinta mujer que ocupa este cargo desde 2002', '2017-06-13', 'http://ep00.epimg.net/politica/imagenes/2017/06/09/actualidad/1497009799_291689_1497253706_miniatura_normal.jpg', 16, 13862),
('http://politica.elpais.com/politica/2017/06/09/actualidad/1497010483_875946.html#?ref=rss&format=simple&link=link', 'Los cigarrillos electrónicos también llevarán advertencias sanitarias', 'El Gobierno prohíbe los paquetes de menos de 20 cigarrillos y el tabaco con aromas especiales', '2017-06-12', 'http://ep00.epimg.net/politica/imagenes/2017/06/09/actualidad/1497010483_875946_1497011549_miniatura_normal.jpg', 16, 13037),
('http://politica.elpais.com/politica/2017/06/09/actualidad/1497015156_690429.html#?ref=rss&format=simple&link=link', 'Las dianas vuelven a Euskadi', 'Varias sedes del PP y del PSE aparecen con dianas amenazantes seis años después del fin de ETA', '2017-06-12', 'http://ep00.epimg.net/politica/imagenes/2017/06/09/actualidad/1497015156_690429_1497015525_miniatura_normal.jpg', 16, 13039),
('http://politica.elpais.com/politica/2017/06/09/actualidad/1497016078_666550.html#?ref=rss&format=simple&link=link', 'Marina Castaño se sentará en el banquillo frente a un jurado popular', 'La juez rechaza los últimos recursos a los que se aferraba la viuda de Cela', '2017-06-13', 'http://ep00.epimg.net/politica/imagenes/2017/06/09/actualidad/1497016078_666550_1497020998_miniatura_normal.jpg', 16, 13868),
('http://politica.elpais.com/politica/2017/06/09/actualidad/1497022897_322134.html#?ref=rss&format=simple&link=link', 'La burocracia frena que el apellido paterno deje de ser preferente al materno', 'El cambio legal, pendiente desde 2011, se pospone por tercera vez, ahora hasta 2018', '2017-06-12', 'http://ep00.epimg.net/politica/imagenes/2017/06/09/actualidad/1497022897_322134_1497024015_miniatura_normal.jpg', 16, 13000),
('http://politica.elpais.com/politica/2017/06/09/actualidad/1497026126_358165.html#?ref=rss&format=simple&link=link', 'Ascensión Mendieta recupera a los 91 años los restos de su padre, fusilado en 1939', 'Los restos han sido identificados por ADN después de que una juez argentina ordenara buscarle en dos fosas de Guadalajara', '2017-06-13', 'http://ep00.epimg.net/politica/imagenes/2017/06/09/actualidad/1497026126_358165_1497027455_miniatura_normal.jpg', 16, 13886),
('http://politica.elpais.com/politica/2017/06/09/actualidad/1497028817_251276.html#?ref=rss&format=simple&link=link', 'Los tres guardianes de la ‘mina de oro’ de Granados', 'Un directivo, un promotor y un abogado controlaban el día a día de Arpegio, la empresa clave del ‘caso Púnica’', '2017-06-13', 'http://ep00.epimg.net/politica/imagenes/2017/06/09/actualidad/1497028817_251276_1497029390_miniatura_normal.jpg', 16, 13865),
('http://politica.elpais.com/politica/2017/06/09/actualidad/1497029973_172160.html#?ref=rss&format=simple&link=link', 'El Gobierno pacta con PSOE y Rivera no sobreactuar con Cataluña', 'La vicepresidenta consensuó con Iceta y Villegas la respuesta medida del ejecutivo a la declaración unilateral y verbal que fijó la fecha del referéndum', '2017-06-13', 'http://ep00.epimg.net/politica/imagenes/2017/06/09/actualidad/1497029973_172160_1497031687_miniatura_normal.jpg', 16, 13854),
('http://politica.elpais.com/politica/2017/06/09/actualidad/1497032181_950163.html#?ref=rss&format=simple&link=link', 'El magistrado y exdiputado del PP Andrés Ollero planteó desde el inicio el varapalo a la amnistía fiscal', 'El párrafo con la reprimenda al Gobierno fue lo único que suscitó debate en el Constitucional', '2017-06-13', 'http://ep00.epimg.net/politica/imagenes/2017/06/09/actualidad/1497032181_950163_1497262867_miniatura_normal.jpg', 16, 13864),
('http://politica.elpais.com/politica/2017/06/09/actualidad/1497032541_767935.html#?ref=rss&format=simple&link=link', 'Historia de un desafío en cinco actos', 'La Generalitat marca un nuevo horizonte de ruptura tras un lustro de hechos consumados fuera de la ley', '2017-06-13', 'http://ep00.epimg.net/politica/imagenes/2017/06/09/actualidad/1497032541_767935_1497032638_miniatura_normal.jpg', 16, 7020),
('http://politica.elpais.com/politica/2017/06/09/actualidad/1497033021_778764.html#?ref=rss&format=simple&link=link', 'El salario mínimo no entra en la cárcel', 'El 23,9% de los reclusos tiene un empleo remunerado en prisión, pero la mitad de ellos gana menos de 200 euros', '2017-06-13', 'http://ep00.epimg.net/politica/imagenes/2017/06/09/actualidad/1497033021_778764_1497033629_noticia_normal.png', 16, 13881),
('http://politica.elpais.com/politica/2017/06/09/actualidad/1497034672_759170.html#?ref=rss&format=simple&link=link', 'La Audiencia rechaza apartar a los policías del ‘caso Nicolay’', 'El comisario Villarejo y otros dos imputados pedían anular sus pesquisas', '2017-06-13', 'http://ep00.epimg.net/politica/imagenes/2017/06/09/actualidad/1497034672_759170_1497035305_miniatura_normal.jpg', 16, 13869),
('http://politica.elpais.com/politica/2017/06/09/actualidad/1497036350_997155.html#?ref=rss&format=simple&link=link', '“Esa noche cogí a mis hijos y poco más”', 'Desde Kobane hasta Málaga, un refugiado sirio cuenta su travesía para llegar a España de forma regular', '2017-06-13', 'http://ep00.epimg.net/politica/imagenes/2017/06/09/actualidad/1497036350_997155_1497037187_miniatura_normal.jpg', 16, 7019),
('http://politica.elpais.com/politica/2017/06/10/actualidad/1497079516_154480.html#?ref=rss&format=simple&link=link', 'Llega a España el cuerpo de Ignacio Echeverría', 'La autopsia revela que la causa de su muerte fue “una puñalada en la espalda”', '2017-06-13', 'http://ep00.epimg.net/politica/imagenes/2017/06/10/actualidad/1497079516_154480_1497107998_miniatura_normal.jpg', 16, 13871),
('http://politica.elpais.com/politica/2017/06/10/actualidad/1497084656_192398.html#?ref=rss&format=simple&link=link', 'Narbona defenderá como presidenta del PSOE los postulados de izquierdas y la reconciliación', 'La exministra de Medio Ambiente abandonará el Consejo de Seguridad Nuclear', '2017-06-12', 'http://ep00.epimg.net/politica/imagenes/2017/06/10/actualidad/1497084656_192398_1497085031_miniatura_normal.jpg', 16, 13004),
('http://politica.elpais.com/politica/2017/06/10/actualidad/1497104301_334496.html#?ref=rss&format=simple&link=link', 'Tercera moción de censura imposible', 'Felipe González y Antonio Hernández Mancha protagonizaron las otras dos iniciativas de la oposición contra Gobiernos de la democracia', '2017-06-13', 'http://ep00.epimg.net/politica/imagenes/2017/06/10/actualidad/1497104301_334496_1497202981_miniatura_normal.jpg', 16, 12103),
('http://politica.elpais.com/politica/2017/06/10/actualidad/1497115785_182365.html#?ref=rss&format=simple&link=link', 'Cuarenta días en prisión por viajar a Palmira', 'Un arquitecto navarro fue detenido y encarcelado en EE UU por haber visitado Líbano y Siria. Ha sido deportado a España sin explicaciones', '2017-06-13', 'http://ep00.epimg.net/politica/imagenes/2017/06/10/actualidad/1497115785_182365_1497117185_miniatura_normal.jpg', 16, 7003),
('http://politica.elpais.com/politica/2017/06/10/actualidad/1497117952_613789.html#?ref=rss&format=simple&link=link', 'Un 21% de los acusados de yihadismo desde 2016 fueron absueltos', 'Altos mandos de la lucha antiterrorista plantean que algunos sospechosos puedan ser expulsados del país', '2017-06-13', 'http://ep00.epimg.net/politica/imagenes/2017/06/10/actualidad/1497117952_613789_1497118927_miniatura_normal.jpg', 16, 13866),
('http://politica.elpais.com/politica/2017/06/11/actualidad/1497194523_915322.html#?ref=rss&format=simple&link=link', 'El VIH llega a la tercera edad', 'Más de la mitad de los afectados en España tiene ya más de 45 años', '2017-06-13', 'http://ep00.epimg.net/politica/imagenes/2017/06/11/actualidad/1497194523_915322_1497197283_miniatura_normal.jpg', 16, 13880),
('http://politica.elpais.com/politica/2017/06/11/actualidad/1497196825_388334.html#?ref=rss&format=simple&link=link', 'Un vecino de Las Rozas: “Es como si fuera un poco mi hijo”', 'Familiares, amigos, conocidos y desconocidos en el entierro de Echevarría', '2017-06-13', 'http://ep00.epimg.net/politica/imagenes/2017/06/11/actualidad/1497196825_388334_1497197782_miniatura_normal.jpg', 16, 7016),
('http://politica.elpais.com/politica/2017/06/11/actualidad/1497196950_610577.html#?ref=rss&format=simple&link=link', 'Iglesias usará el debate para mostrar un nuevo perfil presidenciable', 'El partido no da por ganado el duelo parlamentario de la moción y teme las maniobras del PP', '2017-06-13', 'http://ep00.epimg.net/politica/imagenes/2017/06/11/actualidad/1497196950_610577_1497199145_miniatura_normal.jpg', 16, 7021),
('http://politica.elpais.com/politica/2017/06/11/actualidad/1497198593_002013.html#?ref=rss&format=simple&link=link', 'El PSOE busca cómo explicar la abstención a la moción de censura', 'Los socialistas pretenden soslayarlo al negar que Podemos represente una alternativa de cambio real', '2017-06-13', 'http://ep00.epimg.net/politica/imagenes/2017/06/11/actualidad/1497198593_002013_1497203660_miniatura_normal.jpg', 16, 7022),
('http://politica.elpais.com/politica/2017/06/11/actualidad/1497200027_815058.html#?ref=rss&format=simple&link=link', 'PNV, el camino inverso del soberanismo', 'La aventura soberanista vasca se inició una década antes que la catalana pero sin caer en una reforma estatutaria mal gestionada', '2017-06-12', 'http://ep00.epimg.net/politica/imagenes/2017/06/11/actualidad/1497200027_815058_1497202656_miniatura_normal.jpg', 16, 12996),
('http://politica.elpais.com/politica/2017/06/11/actualidad/1497203288_550814.html#?ref=rss&format=simple&link=link', 'La exitosa agenda exterior del lehendakari Urkullu', 'Los líderes e instituciones internacionales le abren las puertas que cierran a los defensores del \'procés\'', '2017-06-13', 'http://ep00.epimg.net/politica/imagenes/2017/06/11/actualidad/1497203288_550814_1497203534_miniatura_normal.jpg', 16, 7013),
('http://politica.elpais.com/politica/2017/06/11/actualidad/1497203979_374602.html#?ref=rss&format=simple&link=link', 'Rajoy ordena tensión a todos sus ministros', 'Desde el gabinete del presidente se han pedido fichas con datos a todos los ministerios', '2017-06-13', 'http://ep00.epimg.net/politica/imagenes/2017/06/11/actualidad/1497203979_374602_1497206660_miniatura_normal.jpg', 16, 7023),
('http://politica.elpais.com/politica/2017/06/11/actualidad/1497207407_899130.html#?ref=rss&format=simple&link=link', 'Rajoy y Rivera reeditarán su pacto tras la crisis por la corrupción del PP', 'En el PP tampoco saben a qué atenerse cuando sellan un acuerdo en privado con Ciudadanos', '2017-06-13', 'http://ep00.epimg.net/politica/imagenes/2017/06/11/actualidad/1497207407_899130_1497207470_miniatura_normal.jpg', 16, 13858),
('http://politica.elpais.com/politica/2017/06/12/actualidad/1497244206_546783.html#?ref=rss&format=simple&link=link', 'Seis provincias en alerta naranja por calor a nueve días del verano', 'En otras 18 provincias, el aviso es amarillo. Se esperan 38/40º, incluso 41, en los valles del Tajo, Guadiana y Guadalquivir. Hay entre siete y 11 grados más que lo normal', '2017-06-13', 'http://ep00.epimg.net/politica/imagenes/2017/06/12/actualidad/1497244206_546783_1497245293_miniatura_normal.jpg', 16, 12120),
('http://politica.elpais.com/politica/2017/06/12/actualidad/1497252424_564743.html#?ref=rss&format=simple&link=link', 'El PP pierde su recurso para frenar la comisión sobre su caja b', 'PSOE, Podemos y Ciudadanos unen sus votos en la Mesa del Congreso', '2017-06-13', 'http://ep00.epimg.net/politica/imagenes/2017/06/12/actualidad/1497252424_564743_1497289148_miniatura_normal.jpg', 16, 13859),
('http://politica.elpais.com/politica/2017/06/12/actualidad/1497255174_185019.html#?ref=rss&format=simple&link=link', 'Santamaría advierte de que los gastos de la consulta los pagarán los convocantes', 'La vicepresidenta alerta ante una estrategia de tensión para provocar al Estado y movilizar el voto independentista ante las próximas elecciones. Puigdemont le reprocha su visión sobre Cataluña y le espeta que \"no se entera de nada\"', '2017-06-13', 'http://ep00.epimg.net/politica/imagenes/2017/06/12/actualidad/1497255174_185019_1497261928_miniatura_normal.jpg', 16, 6992),
('http://politica.elpais.com/politica/2017/06/12/actualidad/1497255789_435655.html#?ref=rss&format=simple&link=link', 'La juez imputa al comisario Villarejo por la agresión a la doctora Pinto', 'El policía jubilado declarará como investigado el 29 de junio tras la rueda de reconocimiento en el que la dermatóloga lo señaló como el autor de la agresión', '2017-06-13', 'http://ep00.epimg.net/politica/imagenes/2017/06/07/actualidad/1496859711_899818_1496861370_miniatura_normal.jpg', 16, 7005),
('http://politica.elpais.com/politica/2017/06/12/actualidad/1497256428_600893.html#?ref=rss&format=simple&link=link', 'Podemos advierte de que puede presentar otra moción de censura después del verano', 'El partido de Pablo Iglesias avisa de que el siguiente periodo de sesiones \"está cerca\"', '2017-06-13', 'http://ep00.epimg.net/politica/imagenes/2017/06/12/actualidad/1497256428_600893_1497258764_miniatura_normal.jpg', 16, 7025),
('http://politica.elpais.com/politica/2017/06/12/actualidad/1497258397_917287.html#?ref=rss&format=simple&link=link', 'Rivera criticará tanto a Rajoy como a Iglesias', 'El líder de Ciudadanos intentará reivindicar un lugar entre ambos extremos', '2017-06-13', 'http://ep00.epimg.net/politica/imagenes/2017/06/12/actualidad/1497258397_917287_1497258644_miniatura_normal.jpg', 16, 6987),
('http://politica.elpais.com/politica/2017/06/12/actualidad/1497262329_164670.html#?ref=rss&format=simple&link=link', 'Tres años de cárcel para el imitador de ‘Breaking Bad’ en Mallorca', 'Fabricaba drogas de diseño en un laboratorio y simulaba ser profesor para adquirir los productos', '2017-06-13', 'http://ep00.epimg.net/politica/imagenes/2017/06/12/actualidad/1497262329_164670_1497269755_miniatura_normal.jpg', 16, 7015),
('http://politica.elpais.com/politica/2017/06/12/actualidad/1497263727_688795.html#?ref=rss&format=simple&link=link', 'El Rey: “En España la inversión en I+D sigue estando por debajo de la media europea”', 'La presidenta de Cotec señala que \"España está a la cola de Europa\" y puede quedar descolgada de los desafíos', '2017-06-13', 'http://ep00.epimg.net/politica/imagenes/2017/06/12/actualidad/1497263727_688795_1497293968_miniatura_normal.jpg', 16, 7000),
('http://politica.elpais.com/politica/2017/06/12/actualidad/1497272175_776011.html#?ref=rss&format=simple&link=link', 'Prisión sin fianza para el conductor que atropelló a un ciclista en Valencia', 'El juez imputa al detenido homicidio, conducción bajo influencia de estupefacientes, conducción temeraria y omisión de deber de socorro', '2017-06-13', 'http://ep00.epimg.net/politica/imagenes/2017/06/12/actualidad/1497272175_776011_1497272405_miniatura_normal.jpg', 16, 7008),
('http://politica.elpais.com/politica/2017/06/12/actualidad/1497281052_757571.html#?ref=rss&format=simple&link=link', 'La Junta de Andalucía defiende que en España se podría estudiar gratis', 'El Gobierno andaluz reta a Rajoy a armonizar las normas para eliminar el pago de matrículas', '2017-06-13', 'http://ep00.epimg.net/politica/imagenes/2017/06/12/actualidad/1497281052_757571_1497281209_miniatura_normal.jpg', 16, 7009),
('http://politica.elpais.com/politica/2017/06/12/actualidad/1497281160_403450.html#?ref=rss&format=simple&link=link', 'Sánchez encarga a Ábalos que explique la abstención', 'El grupo socialista, salvo Císcar, guarda silencio ante la decisión', '2017-06-13', 'http://ep00.epimg.net/politica/imagenes/2017/06/12/actualidad/1497281160_403450_1497281373_miniatura_normal.jpg', 16, 6988),
('http://politica.elpais.com/politica/2017/06/12/actualidad/1497283250_324048.html#?ref=rss&format=simple&link=link', 'Indignación por una clase de toreo en una academia de la Guardia Civil', 'La AUGC considera que la formación sobre tauromaquia está “fuera de lugar\"', '2017-06-13', 'http://ep00.epimg.net/politica/imagenes/2017/06/12/actualidad/1497283250_324048_1497288889_miniatura_normal.jpg', 16, 6989),
('http://politica.elpais.com/politica/2017/06/12/actualidad/1497283844_554071.html#?ref=rss&format=simple&link=link', 'El ‘cártel del fuego’ generó un fraude de 100 millones de euros', 'La Audiencia Nacional asume la competencia sobre la trama de contratos de extinción aérea de incendios', '2017-06-13', 'http://ep00.epimg.net/politica/imagenes/2017/06/12/actualidad/1497283844_554071_1497285359_miniatura_normal.jpg', 16, 7006),
('http://politica.elpais.com/politica/2017/06/12/actualidad/1497287102_623227.html#?ref=rss&format=simple&link=link', 'Montoro dice sentirse “concernido” por la anulación de la amnistía fiscal', 'El ministro justifica la medida declarada inconstitucional por “la situación límite” de 2012', '2017-06-13', 'http://ep00.epimg.net/politica/imagenes/2017/06/12/actualidad/1497287102_623227_1497290796_miniatura_normal.jpg', 16, 7001),
('http://politica.elpais.com/politica/2017/06/12/actualidad/1497289215_335931.html#?ref=rss&format=simple&link=link', 'El misterioso robo del Cervantes de Estambul', 'El director del instituto denuncia la sustracción de 30.000 euros en joyas y objetos personales que guardaba en una caja para armas', '2017-06-13', 'http://ep00.epimg.net/politica/imagenes/2017/06/12/actualidad/1497289215_335931_1497290786_miniatura_normal.jpg', 16, 6991),
('http://politica.elpais.com/politica/2017/06/12/actualidad/1497289342_903310.html#?ref=rss&format=simple&link=link', 'El Senado negocia contra reloj que el apellido del padre deje de ser preferente', 'Los partidos intentan pactar una rectificación y que la medida entre en vigor este mes', '2017-06-13', 'http://ep00.epimg.net/politica/imagenes/2017/06/12/actualidad/1497289342_903310_1497290097_miniatura_normal.jpg', 16, 13878),
('http://politica.elpais.com/politica/2017/06/12/actualidad/1497289491_234123.html#?ref=rss&format=simple&link=link', 'El Rey que vendió a España en el mundo y a la Monarquía en España', 'Cuatro exministros de Exteriores destacan el papel de don Juan Carlos en el retorno de nuestro país a la escena internacional', '2017-06-13', 'http://ep00.epimg.net/politica/imagenes/2017/06/12/actualidad/1497289491_234123_1497301685_miniatura_normal.jpg', 16, 6996),
('http://politica.elpais.com/politica/2017/06/13/actualidad/1497335144_662438.html#?ref=rss&format=simple&link=link', 'Un hombre mata a su exmujer con una escopeta en Granada', 'El crimen se ha producido en la localidad de Gabia Grande y el presunto asesino ha huido a la capital, donde se ha entregado a la Guardia Civil', '2017-06-13', 'http://ep00.epimg.net/politica/imagenes/2017/06/13/actualidad/1497335144_662438_1497335642_miniatura_normal.jpg', 16, 7011),
('http://politica.elpais.com/politica/2017/06/13/actualidad/1497339377_028989.html#?ref=rss&format=simple&link=link', '“¡Pablo presidente!”', 'Montero evoca a Parks y Campoamor y lista todos los casos de corrupción del PP', '2017-06-13', 'http://ep00.epimg.net/politica/imagenes/2017/06/13/actualidad/1497339377_028989_1497339501_miniatura_normal.jpg', 16, 6986),
('noticiasDSNews?guid=33', 'fqfewefwef', 'fwqefwqf', '2017-06-12', '', 29, 13043);

-- --------------------------------------------------------

--
-- Estructura de tabla para la tabla `channel`
--

DROP TABLE IF EXISTS `channel`;
CREATE TABLE `channel` (
  `channel_id` int(11) NOT NULL,
  `link` text COLLATE utf8_spanish_ci NOT NULL,
  `title` varchar(100) COLLATE utf8_spanish_ci NOT NULL,
  `last_build_date` date NOT NULL,
  `language` varchar(10) COLLATE utf8_spanish_ci NOT NULL,
  `description` varchar(500) COLLATE utf8_spanish_ci NOT NULL,
  `copyright` varchar(100) COLLATE utf8_spanish_ci NOT NULL,
  `title_image` varchar(200) COLLATE utf8_spanish_ci NOT NULL,
  `url_image` text COLLATE utf8_spanish_ci NOT NULL,
  `link_image` text COLLATE utf8_spanish_ci NOT NULL
) ENGINE=InnoDB DEFAULT CHARSET=utf8 COLLATE=utf8_spanish_ci;

--
-- Volcado de datos para la tabla `channel`
--

INSERT INTO `channel` (`channel_id`, `link`, `title`, `last_build_date`, `language`, `description`, `copyright`, `title_image`, `url_image`, `link_image`) VALUES
(1, 'http://localhost:8080/DsNews/', 'DsNews', '2017-06-09', 'ES', 'Periodico digital DsNews', 'Dsnews 2017 TOdos los derechos Reservados', 'Logo DsNews', 'http://localhost:8080/DSNews/recursos/images/logo.png', 'http://localhost:8080/DSNews/recursos/images/logo.png');

-- --------------------------------------------------------

--
-- Estructura de tabla para la tabla `newspapers`
--

DROP TABLE IF EXISTS `newspapers`;
CREATE TABLE `newspapers` (
  `id` int(11) NOT NULL,
  `name` varchar(150) COLLATE utf8_spanish_ci NOT NULL,
  `logo` varchar(255) COLLATE utf8_spanish_ci NOT NULL
) ENGINE=InnoDB DEFAULT CHARSET=utf8 COLLATE=utf8_spanish_ci;

--
-- Volcado de datos para la tabla `newspapers`
--

INSERT INTO `newspapers` (`id`, `name`, `logo`) VALUES
(1, 'El pais', 'http://s03.s3c.es/imag/_v0/640x300/c/e/b/elpaislogogrande.jpg'),
(2, 'La vanguardia', 'http://crucigramasapp.com/static/img/lavanguardia.png'),
(3, 'DeSoft', 'http://desoft.es/wp-content/uploads/2015/11/logo_pie.png');

-- --------------------------------------------------------

--
-- Estructura de tabla para la tabla `rss_feeds`
--

DROP TABLE IF EXISTS `rss_feeds`;
CREATE TABLE `rss_feeds` (
  `id` int(11) NOT NULL,
  `link` text COLLATE utf8_spanish_ci NOT NULL,
  `section_id` int(11) NOT NULL,
  `newspaper_id` int(11) DEFAULT NULL
) ENGINE=InnoDB DEFAULT CHARSET=utf8 COLLATE=utf8_spanish_ci;

--
-- Volcado de datos para la tabla `rss_feeds`
--

INSERT INTO `rss_feeds` (`id`, `link`, `section_id`, `newspaper_id`) VALUES
(16, 'http://ep00.epimg.net/rss/politica/portada.xml', 1, 1),
(27, 'http://ep00.epimg.net/rss/deportes/portada.xml', 7, 1),
(28, 'http://ep00.epimg.net/rss/economia/portada.xml', 3, 1),
(29, 'http://localhost:8080/DSNews/Rss_feed?sid=1&sname=Nacional', 1, 3);

-- --------------------------------------------------------

--
-- Estructura de tabla para la tabla `sections`
--

DROP TABLE IF EXISTS `sections`;
CREATE TABLE `sections` (
  `id` int(11) NOT NULL,
  `name` varchar(100) COLLATE utf8_spanish_ci NOT NULL,
  `description` varchar(255) COLLATE utf8_spanish_ci NOT NULL
) ENGINE=InnoDB DEFAULT CHARSET=utf8 COLLATE=utf8_spanish_ci;

--
-- Volcado de datos para la tabla `sections`
--

INSERT INTO `sections` (`id`, `name`, `description`) VALUES
(1, 'Nacional', 'Seccion naccional'),
(2, 'Internacional', 'Seccion internacional'),
(3, 'Economia', 'Seccion economia'),
(4, 'Ciencia', 'Seccion ciencia'),
(5, 'Tecnologia', 'Seccion tecnologia'),
(6, 'Cultura', 'Seccion cultura'),
(7, 'Deportes', 'Seccion deportes'),
(8, 'Television', 'Seccion Television'),
(9, 'Sociedad', 'Seccion sociedad');

-- --------------------------------------------------------

--
-- Estructura de tabla para la tabla `users`
--

DROP TABLE IF EXISTS `users`;
CREATE TABLE `users` (
  `id` int(11) NOT NULL,
  `name` varchar(100) COLLATE utf8_spanish_ci NOT NULL,
  `password` varchar(100) COLLATE utf8_spanish_ci NOT NULL,
  `role` varchar(255) COLLATE utf8_spanish_ci NOT NULL
) ENGINE=InnoDB DEFAULT CHARSET=utf8 COLLATE=utf8_spanish_ci;

--
-- Volcado de datos para la tabla `users`
--

INSERT INTO `users` (`id`, `name`, `password`, `role`) VALUES
(1, 'jorge', 'd67326a22642a324aa1b0745f2f17abb', 'admin'),
(2, 'plata', 'e0b95c145bd9ef5d82e5a97f87f41a54', 'admin'),
(3, 'jesus', '110d46fcd978c24f306cd7fa23464d73', 'dios'),
(4, 'prueba', '81dc9bdb52d04dc20036dbd8313ed055', 'tuutamadre');

--
-- Índices para tablas volcadas
--

--
-- Indices de la tabla `articles_desoft`
--
ALTER TABLE `articles_desoft`
  ADD PRIMARY KEY (`guid`),
  ADD KEY `user_id` (`user_id`),
  ADD KEY `channel_id` (`channel_id`),
  ADD KEY `section_id` (`section_id`);

--
-- Indices de la tabla `articles_rss`
--
ALTER TABLE `articles_rss`
  ADD PRIMARY KEY (`link`),
  ADD KEY `id_rss` (`rss_id`);

--
-- Indices de la tabla `channel`
--
ALTER TABLE `channel`
  ADD PRIMARY KEY (`channel_id`);

--
-- Indices de la tabla `newspapers`
--
ALTER TABLE `newspapers`
  ADD PRIMARY KEY (`id`);

--
-- Indices de la tabla `rss_feeds`
--
ALTER TABLE `rss_feeds`
  ADD PRIMARY KEY (`id`),
  ADD KEY `section_id` (`section_id`),
  ADD KEY `newspaper_id` (`newspaper_id`);

--
-- Indices de la tabla `sections`
--
ALTER TABLE `sections`
  ADD PRIMARY KEY (`id`);

--
-- Indices de la tabla `users`
--
ALTER TABLE `users`
  ADD PRIMARY KEY (`id`);

--
-- AUTO_INCREMENT de las tablas volcadas
--

--
-- AUTO_INCREMENT de la tabla `articles_desoft`
--
ALTER TABLE `articles_desoft`
  MODIFY `guid` int(11) NOT NULL AUTO_INCREMENT, AUTO_INCREMENT=36;
--
-- AUTO_INCREMENT de la tabla `channel`
--
ALTER TABLE `channel`
  MODIFY `channel_id` int(11) NOT NULL AUTO_INCREMENT, AUTO_INCREMENT=2;
--
-- AUTO_INCREMENT de la tabla `newspapers`
--
ALTER TABLE `newspapers`
  MODIFY `id` int(11) NOT NULL AUTO_INCREMENT, AUTO_INCREMENT=4;
--
-- AUTO_INCREMENT de la tabla `rss_feeds`
--
ALTER TABLE `rss_feeds`
  MODIFY `id` int(11) NOT NULL AUTO_INCREMENT, AUTO_INCREMENT=30;
--
-- AUTO_INCREMENT de la tabla `sections`
--
ALTER TABLE `sections`
  MODIFY `id` int(11) NOT NULL AUTO_INCREMENT, AUTO_INCREMENT=10;
--
-- AUTO_INCREMENT de la tabla `users`
--
ALTER TABLE `users`
  MODIFY `id` int(11) NOT NULL AUTO_INCREMENT, AUTO_INCREMENT=5;
--
-- Restricciones para tablas volcadas
--

--
-- Filtros para la tabla `articles_desoft`
--
ALTER TABLE `articles_desoft`
  ADD CONSTRAINT `articles_desoft_ibfk_1` FOREIGN KEY (`user_id`) REFERENCES `users` (`id`) ON DELETE NO ACTION ON UPDATE CASCADE,
  ADD CONSTRAINT `articles_desoft_ibfk_2` FOREIGN KEY (`channel_id`) REFERENCES `channel` (`channel_id`) ON DELETE CASCADE ON UPDATE CASCADE,
  ADD CONSTRAINT `articles_desoft_ibfk_3` FOREIGN KEY (`section_id`) REFERENCES `sections` (`id`) ON DELETE NO ACTION ON UPDATE CASCADE;

--
-- Filtros para la tabla `articles_rss`
--
ALTER TABLE `articles_rss`
  ADD CONSTRAINT `articles_rss_ibfk_1` FOREIGN KEY (`rss_id`) REFERENCES `rss_feeds` (`id`) ON DELETE CASCADE ON UPDATE CASCADE;

--
-- Filtros para la tabla `rss_feeds`
--
ALTER TABLE `rss_feeds`
  ADD CONSTRAINT `rss_feeds_ibfk_1` FOREIGN KEY (`section_id`) REFERENCES `sections` (`id`) ON DELETE CASCADE ON UPDATE CASCADE,
  ADD CONSTRAINT `rss_feeds_ibfk_2` FOREIGN KEY (`newspaper_id`) REFERENCES `newspapers` (`id`) ON DELETE CASCADE ON UPDATE CASCADE;

/*!40101 SET CHARACTER_SET_CLIENT=@OLD_CHARACTER_SET_CLIENT */;
/*!40101 SET CHARACTER_SET_RESULTS=@OLD_CHARACTER_SET_RESULTS */;
/*!40101 SET COLLATION_CONNECTION=@OLD_COLLATION_CONNECTION */;
